


<?xml version="1.0" encoding="UTF-8" ?>
<!-- This is a WordPress eXtended RSS file generated by WordPress as an export of your site. -->
<!-- It contains information about your site's posts, pages, comments, categories, and other content. -->
<!-- You may use this file to transfer that content from one site to another. -->
<!-- This file is not intended to serve as a complete backup of your site. -->

<!-- To import this information into a WordPress site follow these steps: -->
<!-- 1. Log in to that site as an administrator. -->
<!-- 2. Go to Tools: Import in the WordPress admin panel. -->
<!-- 3. Install the "WordPress" importer from the list. -->
<!-- 4. Activate & Run Importer. -->
<!-- 5. Upload this file using the form provided on that page. -->
<!-- 6. You will first be asked to map the authors in this export file to users -->
<!--    on the site. For each author, you may choose to map to an -->
<!--    existing user on the site or to create a new user. -->
<!-- 7. WordPress will then import each of the posts, pages, comments, categories, etc. -->
<!--    contained in this file into your site. -->

<!-- generator="WordPress/4.4.2" created="2016-03-03 19:51" -->
<rss version="2.0"
	xmlns:excerpt="http://wordpress.org/export/1.2/excerpt/"
	xmlns:content="http://purl.org/rss/1.0/modules/content/"
	xmlns:wfw="http://wellformedweb.org/CommentAPI/"
	xmlns:dc="http://purl.org/dc/elements/1.1/"
	xmlns:wp="http://wordpress.org/export/1.2/"
>

<channel>
	<title>travelin</title>
	<link>http://localhost:8080/blog</link>
	<description>Otro sitio realizado con WordPress</description>
	<pubDate>Thu, 03 Mar 2016 19:51:36 +0000</pubDate>
	<language>es-ES</language>
	<wp:wxr_version>1.2</wp:wxr_version>
	<wp:base_site_url>http://localhost:8080/blog</wp:base_site_url>
	<wp:base_blog_url>http://localhost:8080/blog</wp:base_blog_url>

	<wp:author><wp:author_id>1</wp:author_id><wp:author_login><![CDATA[plerti]]></wp:author_login><wp:author_email><![CDATA[pablohmarabo@hotmail.es]]></wp:author_email><wp:author_display_name><![CDATA[plerti]]></wp:author_display_name><wp:author_first_name><![CDATA[]]></wp:author_first_name><wp:author_last_name><![CDATA[]]></wp:author_last_name></wp:author>
	<wp:author><wp:author_id>3</wp:author_id><wp:author_login><![CDATA[autor]]></wp:author_login><wp:author_email><![CDATA[b814934@trbvn.com]]></wp:author_email><wp:author_display_name><![CDATA[autor]]></wp:author_display_name><wp:author_first_name><![CDATA[]]></wp:author_first_name><wp:author_last_name><![CDATA[Goteras]]></wp:author_last_name></wp:author>

	<wp:category><wp:term_id>7</wp:term_id><wp:category_nicename><![CDATA[review]]></wp:category_nicename><wp:category_parent><![CDATA[]]></wp:category_parent><wp:cat_name><![CDATA[Review]]></wp:cat_name></wp:category>
	<wp:category><wp:term_id>1</wp:term_id><wp:category_nicename><![CDATA[sin-categoria]]></wp:category_nicename><wp:category_parent><![CDATA[]]></wp:category_parent><wp:cat_name><![CDATA[Sin categoría]]></wp:cat_name></wp:category>
	<wp:tag><wp:term_id>2</wp:term_id><wp:tag_slug><![CDATA[exotico]]></wp:tag_slug><wp:tag_name><![CDATA[Exotico]]></wp:tag_name></wp:tag>
	<wp:tag><wp:term_id>3</wp:term_id><wp:tag_slug><![CDATA[prueba]]></wp:tag_slug><wp:tag_name><![CDATA[Prueba]]></wp:tag_name></wp:tag>
	<wp:tag><wp:term_id>4</wp:term_id><wp:tag_slug><![CDATA[pueblo]]></wp:tag_slug><wp:tag_name><![CDATA[pueblo]]></wp:tag_name></wp:tag>
	<wp:tag><wp:term_id>5</wp:term_id><wp:tag_slug><![CDATA[viaje]]></wp:tag_slug><wp:tag_name><![CDATA[Viaje]]></wp:tag_name></wp:tag>
	<wp:tag><wp:term_id>6</wp:term_id><wp:tag_slug><![CDATA[viajes]]></wp:tag_slug><wp:tag_name><![CDATA[Viajes]]></wp:tag_name></wp:tag>

	<generator>https://wordpress.org/?v=4.4.2</generator>

	<item>
		<title>Home</title>
		<link>http://localhost:8080/blog/</link>
		<pubDate>Mon, 30 Nov 2015 11:25:55 +0000</pubDate>
		<dc:creator><![CDATA[plerti]]></dc:creator>
		<guid isPermaLink="false">http://localhost:8081/blog/?page_id=6</guid>
		<description></description>
		<content:encoded><![CDATA[]]></content:encoded>
		<excerpt:encoded><![CDATA[]]></excerpt:encoded>
		<wp:post_id>6</wp:post_id>
		<wp:post_date><![CDATA[2015-11-30 11:25:55]]></wp:post_date>
		<wp:post_date_gmt><![CDATA[2015-11-30 11:25:55]]></wp:post_date_gmt>
		<wp:comment_status><![CDATA[closed]]></wp:comment_status>
		<wp:ping_status><![CDATA[closed]]></wp:ping_status>
		<wp:post_name><![CDATA[inicio]]></wp:post_name>
		<wp:status><![CDATA[publish]]></wp:status>
		<wp:post_parent>0</wp:post_parent>
		<wp:menu_order>0</wp:menu_order>
		<wp:post_type><![CDATA[page]]></wp:post_type>
		<wp:post_password><![CDATA[]]></wp:post_password>
		<wp:is_sticky>0</wp:is_sticky>
		<wp:postmeta>
			<wp:meta_key><![CDATA[_edit_last]]></wp:meta_key>
			<wp:meta_value><![CDATA[1]]></wp:meta_value>
		</wp:postmeta>
		<wp:postmeta>
			<wp:meta_key><![CDATA[_wp_page_template]]></wp:meta_key>
			<wp:meta_value><![CDATA[default]]></wp:meta_value>
		</wp:postmeta>
		<wp:postmeta>
			<wp:meta_key><![CDATA[_edit_last]]></wp:meta_key>
			<wp:meta_value><![CDATA[1]]></wp:meta_value>
		</wp:postmeta>
		<wp:postmeta>
			<wp:meta_key><![CDATA[_wp_page_template]]></wp:meta_key>
			<wp:meta_value><![CDATA[default]]></wp:meta_value>
		</wp:postmeta>
		<wp:postmeta>
			<wp:meta_key><![CDATA[_edit_last]]></wp:meta_key>
			<wp:meta_value><![CDATA[1]]></wp:meta_value>
		</wp:postmeta>
		<wp:postmeta>
			<wp:meta_key><![CDATA[_wp_page_template]]></wp:meta_key>
			<wp:meta_value><![CDATA[default]]></wp:meta_value>
		</wp:postmeta>
	</item>
	<item>
		<title>Travelin</title>
		<link>http://localhost:8080/blog/blog/</link>
		<pubDate>Mon, 30 Nov 2015 11:26:43 +0000</pubDate>
		<dc:creator><![CDATA[plerti]]></dc:creator>
		<guid isPermaLink="false">http://localhost:8081/blog/?page_id=9</guid>
		<description></description>
		<content:encoded><![CDATA[]]></content:encoded>
		<excerpt:encoded><![CDATA[]]></excerpt:encoded>
		<wp:post_id>9</wp:post_id>
		<wp:post_date><![CDATA[2015-11-30 11:26:43]]></wp:post_date>
		<wp:post_date_gmt><![CDATA[2015-11-30 11:26:43]]></wp:post_date_gmt>
		<wp:comment_status><![CDATA[closed]]></wp:comment_status>
		<wp:ping_status><![CDATA[closed]]></wp:ping_status>
		<wp:post_name><![CDATA[blog]]></wp:post_name>
		<wp:status><![CDATA[publish]]></wp:status>
		<wp:post_parent>0</wp:post_parent>
		<wp:menu_order>4</wp:menu_order>
		<wp:post_type><![CDATA[page]]></wp:post_type>
		<wp:post_password><![CDATA[]]></wp:post_password>
		<wp:is_sticky>0</wp:is_sticky>
		<wp:postmeta>
			<wp:meta_key><![CDATA[_edit_last]]></wp:meta_key>
			<wp:meta_value><![CDATA[1]]></wp:meta_value>
		</wp:postmeta>
		<wp:postmeta>
			<wp:meta_key><![CDATA[_wp_page_template]]></wp:meta_key>
			<wp:meta_value><![CDATA[about.php]]></wp:meta_value>
		</wp:postmeta>
		<wp:postmeta>
			<wp:meta_key><![CDATA[_edit_last]]></wp:meta_key>
			<wp:meta_value><![CDATA[1]]></wp:meta_value>
		</wp:postmeta>
		<wp:postmeta>
			<wp:meta_key><![CDATA[_wp_page_template]]></wp:meta_key>
			<wp:meta_value><![CDATA[about.php]]></wp:meta_value>
		</wp:postmeta>
		<wp:postmeta>
			<wp:meta_key><![CDATA[_edit_last]]></wp:meta_key>
			<wp:meta_value><![CDATA[1]]></wp:meta_value>
		</wp:postmeta>
		<wp:postmeta>
			<wp:meta_key><![CDATA[_wp_page_template]]></wp:meta_key>
			<wp:meta_value><![CDATA[about.php]]></wp:meta_value>
		</wp:postmeta>
	</item>
	<item>
		<title>Contacta</title>
		<link>http://localhost:8080/blog/contacta/</link>
		<pubDate>Mon, 30 Nov 2015 11:27:35 +0000</pubDate>
		<dc:creator><![CDATA[plerti]]></dc:creator>
		<guid isPermaLink="false">http://localhost:8081/blog/?page_id=12</guid>
		<description></description>
		<content:encoded><![CDATA[]]></content:encoded>
		<excerpt:encoded><![CDATA[]]></excerpt:encoded>
		<wp:post_id>12</wp:post_id>
		<wp:post_date><![CDATA[2015-11-30 11:27:35]]></wp:post_date>
		<wp:post_date_gmt><![CDATA[2015-11-30 11:27:35]]></wp:post_date_gmt>
		<wp:comment_status><![CDATA[closed]]></wp:comment_status>
		<wp:ping_status><![CDATA[closed]]></wp:ping_status>
		<wp:post_name><![CDATA[contacta]]></wp:post_name>
		<wp:status><![CDATA[publish]]></wp:status>
		<wp:post_parent>0</wp:post_parent>
		<wp:menu_order>3</wp:menu_order>
		<wp:post_type><![CDATA[page]]></wp:post_type>
		<wp:post_password><![CDATA[]]></wp:post_password>
		<wp:is_sticky>0</wp:is_sticky>
		<wp:postmeta>
			<wp:meta_key><![CDATA[_edit_last]]></wp:meta_key>
			<wp:meta_value><![CDATA[1]]></wp:meta_value>
		</wp:postmeta>
		<wp:postmeta>
			<wp:meta_key><![CDATA[_wp_page_template]]></wp:meta_key>
			<wp:meta_value><![CDATA[contact.php]]></wp:meta_value>
		</wp:postmeta>
		<wp:postmeta>
			<wp:meta_key><![CDATA[_edit_last]]></wp:meta_key>
			<wp:meta_value><![CDATA[1]]></wp:meta_value>
		</wp:postmeta>
		<wp:postmeta>
			<wp:meta_key><![CDATA[_wp_page_template]]></wp:meta_key>
			<wp:meta_value><![CDATA[contact.php]]></wp:meta_value>
		</wp:postmeta>
		<wp:postmeta>
			<wp:meta_key><![CDATA[_edit_last]]></wp:meta_key>
			<wp:meta_value><![CDATA[1]]></wp:meta_value>
		</wp:postmeta>
		<wp:postmeta>
			<wp:meta_key><![CDATA[_wp_page_template]]></wp:meta_key>
			<wp:meta_value><![CDATA[contact.php]]></wp:meta_value>
		</wp:postmeta>
	</item>
	<item>
		<title>alhambra</title>
		<link>http://localhost:8080/blog/2015/12/11/otros-destinos-decentes/alhambra/</link>
		<pubDate>Sat, 09 Jan 2016 12:40:05 +0000</pubDate>
		<dc:creator><![CDATA[plerti]]></dc:creator>
		<guid isPermaLink="false">http://localhost:8080/blog/wp-content/uploads/2015/12/alhambra-1.jpg</guid>
		<description></description>
		<content:encoded><![CDATA[]]></content:encoded>
		<excerpt:encoded><![CDATA[]]></excerpt:encoded>
		<wp:post_id>39</wp:post_id>
		<wp:post_date><![CDATA[2016-01-09 12:40:05]]></wp:post_date>
		<wp:post_date_gmt><![CDATA[2016-01-09 12:40:05]]></wp:post_date_gmt>
		<wp:comment_status><![CDATA[open]]></wp:comment_status>
		<wp:ping_status><![CDATA[closed]]></wp:ping_status>
		<wp:post_name><![CDATA[alhambra]]></wp:post_name>
		<wp:status><![CDATA[inherit]]></wp:status>
		<wp:post_parent>37</wp:post_parent>
		<wp:menu_order>0</wp:menu_order>
		<wp:post_type><![CDATA[attachment]]></wp:post_type>
		<wp:post_password><![CDATA[]]></wp:post_password>
		<wp:is_sticky>0</wp:is_sticky>
		<wp:attachment_url><![CDATA[http://localhost:8080/blog/wp-content/uploads/2015/12/alhambra-1.jpg]]></wp:attachment_url>
		<wp:postmeta>
			<wp:meta_key><![CDATA[_wp_attached_file]]></wp:meta_key>
			<wp:meta_value><![CDATA[2015/12/alhambra-1.jpg]]></wp:meta_value>
		</wp:postmeta>
		<wp:postmeta>
			<wp:meta_key><![CDATA[_wp_attachment_metadata]]></wp:meta_key>
			<wp:meta_value><![CDATA[a:5:{s:5:"width";i:800;s:6:"height";i:500;s:4:"file";s:22:"2015/12/alhambra-1.jpg";s:5:"sizes";a:3:{s:9:"thumbnail";a:4:{s:4:"file";s:22:"alhambra-1-150x150.jpg";s:5:"width";i:150;s:6:"height";i:150;s:9:"mime-type";s:10:"image/jpeg";}s:6:"medium";a:4:{s:4:"file";s:22:"alhambra-1-300x188.jpg";s:5:"width";i:300;s:6:"height";i:188;s:9:"mime-type";s:10:"image/jpeg";}s:12:"medium_large";a:4:{s:4:"file";s:22:"alhambra-1-768x480.jpg";s:5:"width";i:768;s:6:"height";i:480;s:9:"mime-type";s:10:"image/jpeg";}}s:10:"image_meta";a:12:{s:8:"aperture";i:0;s:6:"credit";s:0:"";s:6:"camera";s:0:"";s:7:"caption";s:0:"";s:17:"created_timestamp";i:0;s:9:"copyright";s:0:"";s:12:"focal_length";i:0;s:3:"iso";i:0;s:13:"shutter_speed";i:0;s:5:"title";s:0:"";s:11:"orientation";i:0;s:8:"keywords";a:0:{}}}]]></wp:meta_value>
		</wp:postmeta>
	</item>
	<item>
		<title>Destinos-turisticos-en-Australia</title>
		<link>http://localhost:8080/blog/2015/12/11/otros-destinos-decentes/destinos-turisticos-en-australia/</link>
		<pubDate>Sat, 09 Jan 2016 12:40:33 +0000</pubDate>
		<dc:creator><![CDATA[plerti]]></dc:creator>
		<guid isPermaLink="false">http://localhost:8080/blog/wp-content/uploads/2015/12/Destinos-turisticos-en-Australia-1.jpg</guid>
		<description></description>
		<content:encoded><![CDATA[]]></content:encoded>
		<excerpt:encoded><![CDATA[]]></excerpt:encoded>
		<wp:post_id>41</wp:post_id>
		<wp:post_date><![CDATA[2016-01-09 12:40:33]]></wp:post_date>
		<wp:post_date_gmt><![CDATA[2016-01-09 12:40:33]]></wp:post_date_gmt>
		<wp:comment_status><![CDATA[open]]></wp:comment_status>
		<wp:ping_status><![CDATA[closed]]></wp:ping_status>
		<wp:post_name><![CDATA[destinos-turisticos-en-australia]]></wp:post_name>
		<wp:status><![CDATA[inherit]]></wp:status>
		<wp:post_parent>37</wp:post_parent>
		<wp:menu_order>0</wp:menu_order>
		<wp:post_type><![CDATA[attachment]]></wp:post_type>
		<wp:post_password><![CDATA[]]></wp:post_password>
		<wp:is_sticky>0</wp:is_sticky>
		<wp:attachment_url><![CDATA[http://localhost:8080/blog/wp-content/uploads/2015/12/Destinos-turisticos-en-Australia-1.jpg]]></wp:attachment_url>
		<wp:postmeta>
			<wp:meta_key><![CDATA[_wp_attached_file]]></wp:meta_key>
			<wp:meta_value><![CDATA[2015/12/Destinos-turisticos-en-Australia-1.jpg]]></wp:meta_value>
		</wp:postmeta>
		<wp:postmeta>
			<wp:meta_key><![CDATA[_wp_attachment_metadata]]></wp:meta_key>
			<wp:meta_value><![CDATA[a:5:{s:5:"width";i:800;s:6:"height";i:552;s:4:"file";s:46:"2015/12/Destinos-turisticos-en-Australia-1.jpg";s:5:"sizes";a:3:{s:9:"thumbnail";a:4:{s:4:"file";s:46:"Destinos-turisticos-en-Australia-1-150x150.jpg";s:5:"width";i:150;s:6:"height";i:150;s:9:"mime-type";s:10:"image/jpeg";}s:6:"medium";a:4:{s:4:"file";s:46:"Destinos-turisticos-en-Australia-1-300x207.jpg";s:5:"width";i:300;s:6:"height";i:207;s:9:"mime-type";s:10:"image/jpeg";}s:12:"medium_large";a:4:{s:4:"file";s:46:"Destinos-turisticos-en-Australia-1-768x530.jpg";s:5:"width";i:768;s:6:"height";i:530;s:9:"mime-type";s:10:"image/jpeg";}}s:10:"image_meta";a:12:{s:8:"aperture";i:0;s:6:"credit";s:0:"";s:6:"camera";s:0:"";s:7:"caption";s:0:"";s:17:"created_timestamp";i:0;s:9:"copyright";s:0:"";s:12:"focal_length";i:0;s:3:"iso";i:0;s:13:"shutter_speed";i:0;s:5:"title";s:0:"";s:11:"orientation";i:0;s:8:"keywords";a:0:{}}}]]></wp:meta_value>
		</wp:postmeta>
	</item>
	<item>
		<title>pascua</title>
		<link>http://localhost:8080/blog/2015/12/11/otros-destinos-decentes/pascua/</link>
		<pubDate>Sat, 09 Jan 2016 12:41:03 +0000</pubDate>
		<dc:creator><![CDATA[plerti]]></dc:creator>
		<guid isPermaLink="false">http://localhost:8080/blog/wp-content/uploads/2015/12/pascua-1.jpg</guid>
		<description></description>
		<content:encoded><![CDATA[]]></content:encoded>
		<excerpt:encoded><![CDATA[]]></excerpt:encoded>
		<wp:post_id>42</wp:post_id>
		<wp:post_date><![CDATA[2016-01-09 12:41:03]]></wp:post_date>
		<wp:post_date_gmt><![CDATA[2016-01-09 12:41:03]]></wp:post_date_gmt>
		<wp:comment_status><![CDATA[open]]></wp:comment_status>
		<wp:ping_status><![CDATA[closed]]></wp:ping_status>
		<wp:post_name><![CDATA[pascua]]></wp:post_name>
		<wp:status><![CDATA[inherit]]></wp:status>
		<wp:post_parent>37</wp:post_parent>
		<wp:menu_order>0</wp:menu_order>
		<wp:post_type><![CDATA[attachment]]></wp:post_type>
		<wp:post_password><![CDATA[]]></wp:post_password>
		<wp:is_sticky>0</wp:is_sticky>
		<wp:attachment_url><![CDATA[http://localhost:8080/blog/wp-content/uploads/2015/12/pascua-1.jpg]]></wp:attachment_url>
		<wp:postmeta>
			<wp:meta_key><![CDATA[_wp_attached_file]]></wp:meta_key>
			<wp:meta_value><![CDATA[2015/12/pascua-1.jpg]]></wp:meta_value>
		</wp:postmeta>
		<wp:postmeta>
			<wp:meta_key><![CDATA[_wp_attachment_metadata]]></wp:meta_key>
			<wp:meta_value><![CDATA[a:5:{s:5:"width";i:1023;s:6:"height";i:702;s:4:"file";s:20:"2015/12/pascua-1.jpg";s:5:"sizes";a:3:{s:9:"thumbnail";a:4:{s:4:"file";s:20:"pascua-1-150x150.jpg";s:5:"width";i:150;s:6:"height";i:150;s:9:"mime-type";s:10:"image/jpeg";}s:6:"medium";a:4:{s:4:"file";s:20:"pascua-1-300x206.jpg";s:5:"width";i:300;s:6:"height";i:206;s:9:"mime-type";s:10:"image/jpeg";}s:12:"medium_large";a:4:{s:4:"file";s:20:"pascua-1-768x527.jpg";s:5:"width";i:768;s:6:"height";i:527;s:9:"mime-type";s:10:"image/jpeg";}}s:10:"image_meta";a:12:{s:8:"aperture";i:0;s:6:"credit";s:0:"";s:6:"camera";s:0:"";s:7:"caption";s:0:"";s:17:"created_timestamp";i:0;s:9:"copyright";s:0:"";s:12:"focal_length";i:0;s:3:"iso";i:0;s:13:"shutter_speed";i:0;s:5:"title";s:0:"";s:11:"orientation";i:0;s:8:"keywords";a:0:{}}}]]></wp:meta_value>
		</wp:postmeta>
	</item>
	<item>
		<title>chamaco</title>
		<link>http://localhost:8080/blog/2015/12/11/mejores-destinos-2015/chamaco/</link>
		<pubDate>Sat, 09 Jan 2016 12:42:31 +0000</pubDate>
		<dc:creator><![CDATA[plerti]]></dc:creator>
		<guid isPermaLink="false">http://localhost:8080/blog/wp-content/uploads/2015/12/chamaco-1.jpg</guid>
		<description></description>
		<content:encoded><![CDATA[]]></content:encoded>
		<excerpt:encoded><![CDATA[]]></excerpt:encoded>
		<wp:post_id>44</wp:post_id>
		<wp:post_date><![CDATA[2016-01-09 12:42:31]]></wp:post_date>
		<wp:post_date_gmt><![CDATA[2016-01-09 12:42:31]]></wp:post_date_gmt>
		<wp:comment_status><![CDATA[open]]></wp:comment_status>
		<wp:ping_status><![CDATA[closed]]></wp:ping_status>
		<wp:post_name><![CDATA[chamaco]]></wp:post_name>
		<wp:status><![CDATA[inherit]]></wp:status>
		<wp:post_parent>32</wp:post_parent>
		<wp:menu_order>0</wp:menu_order>
		<wp:post_type><![CDATA[attachment]]></wp:post_type>
		<wp:post_password><![CDATA[]]></wp:post_password>
		<wp:is_sticky>0</wp:is_sticky>
		<wp:attachment_url><![CDATA[http://localhost:8080/blog/wp-content/uploads/2015/12/chamaco-1.jpg]]></wp:attachment_url>
		<wp:postmeta>
			<wp:meta_key><![CDATA[_wp_attached_file]]></wp:meta_key>
			<wp:meta_value><![CDATA[2015/12/chamaco-1.jpg]]></wp:meta_value>
		</wp:postmeta>
		<wp:postmeta>
			<wp:meta_key><![CDATA[_wp_attachment_metadata]]></wp:meta_key>
			<wp:meta_value><![CDATA[a:5:{s:5:"width";i:480;s:6:"height";i:360;s:4:"file";s:21:"2015/12/chamaco-1.jpg";s:5:"sizes";a:2:{s:9:"thumbnail";a:4:{s:4:"file";s:21:"chamaco-1-150x150.jpg";s:5:"width";i:150;s:6:"height";i:150;s:9:"mime-type";s:10:"image/jpeg";}s:6:"medium";a:4:{s:4:"file";s:21:"chamaco-1-300x225.jpg";s:5:"width";i:300;s:6:"height";i:225;s:9:"mime-type";s:10:"image/jpeg";}}s:10:"image_meta";a:12:{s:8:"aperture";i:0;s:6:"credit";s:0:"";s:6:"camera";s:0:"";s:7:"caption";s:0:"";s:17:"created_timestamp";i:0;s:9:"copyright";s:0:"";s:12:"focal_length";i:0;s:3:"iso";i:0;s:13:"shutter_speed";i:0;s:5:"title";s:0:"";s:11:"orientation";i:0;s:8:"keywords";a:0:{}}}]]></wp:meta_value>
		</wp:postmeta>
	</item>
	<item>
		<title>egipto</title>
		<link>http://localhost:8080/blog/2015/12/11/mejores-destinos-2015/egipto/</link>
		<pubDate>Sat, 09 Jan 2016 12:42:54 +0000</pubDate>
		<dc:creator><![CDATA[plerti]]></dc:creator>
		<guid isPermaLink="false">http://localhost:8080/blog/wp-content/uploads/2015/12/egipto-1.jpg</guid>
		<description></description>
		<content:encoded><![CDATA[]]></content:encoded>
		<excerpt:encoded><![CDATA[]]></excerpt:encoded>
		<wp:post_id>45</wp:post_id>
		<wp:post_date><![CDATA[2016-01-09 12:42:54]]></wp:post_date>
		<wp:post_date_gmt><![CDATA[2016-01-09 12:42:54]]></wp:post_date_gmt>
		<wp:comment_status><![CDATA[open]]></wp:comment_status>
		<wp:ping_status><![CDATA[closed]]></wp:ping_status>
		<wp:post_name><![CDATA[egipto]]></wp:post_name>
		<wp:status><![CDATA[inherit]]></wp:status>
		<wp:post_parent>32</wp:post_parent>
		<wp:menu_order>0</wp:menu_order>
		<wp:post_type><![CDATA[attachment]]></wp:post_type>
		<wp:post_password><![CDATA[]]></wp:post_password>
		<wp:is_sticky>0</wp:is_sticky>
		<wp:attachment_url><![CDATA[http://localhost:8080/blog/wp-content/uploads/2015/12/egipto-1.jpg]]></wp:attachment_url>
		<wp:postmeta>
			<wp:meta_key><![CDATA[_wp_attached_file]]></wp:meta_key>
			<wp:meta_value><![CDATA[2015/12/egipto-1.jpg]]></wp:meta_value>
		</wp:postmeta>
		<wp:postmeta>
			<wp:meta_key><![CDATA[_wp_attachment_metadata]]></wp:meta_key>
			<wp:meta_value><![CDATA[a:5:{s:5:"width";i:800;s:6:"height";i:500;s:4:"file";s:20:"2015/12/egipto-1.jpg";s:5:"sizes";a:3:{s:9:"thumbnail";a:4:{s:4:"file";s:20:"egipto-1-150x150.jpg";s:5:"width";i:150;s:6:"height";i:150;s:9:"mime-type";s:10:"image/jpeg";}s:6:"medium";a:4:{s:4:"file";s:20:"egipto-1-300x188.jpg";s:5:"width";i:300;s:6:"height";i:188;s:9:"mime-type";s:10:"image/jpeg";}s:12:"medium_large";a:4:{s:4:"file";s:20:"egipto-1-768x480.jpg";s:5:"width";i:768;s:6:"height";i:480;s:9:"mime-type";s:10:"image/jpeg";}}s:10:"image_meta";a:12:{s:8:"aperture";i:0;s:6:"credit";s:0:"";s:6:"camera";s:0:"";s:7:"caption";s:0:"";s:17:"created_timestamp";i:0;s:9:"copyright";s:0:"";s:12:"focal_length";i:0;s:3:"iso";i:0;s:13:"shutter_speed";i:0;s:5:"title";s:0:"";s:11:"orientation";i:0;s:8:"keywords";a:0:{}}}]]></wp:meta_value>
		</wp:postmeta>
	</item>
	<item>
		<title>icono</title>
		<link>http://localhost:8080/blog/icono/</link>
		<pubDate>Sun, 10 Jan 2016 12:28:59 +0000</pubDate>
		<dc:creator><![CDATA[plerti]]></dc:creator>
		<guid isPermaLink="false">http://localhost:8080/blog/wp-content/uploads/2016/01/icono.png</guid>
		<description></description>
		<content:encoded><![CDATA[]]></content:encoded>
		<excerpt:encoded><![CDATA[]]></excerpt:encoded>
		<wp:post_id>49</wp:post_id>
		<wp:post_date><![CDATA[2016-01-10 12:28:59]]></wp:post_date>
		<wp:post_date_gmt><![CDATA[2016-01-10 12:28:59]]></wp:post_date_gmt>
		<wp:comment_status><![CDATA[open]]></wp:comment_status>
		<wp:ping_status><![CDATA[closed]]></wp:ping_status>
		<wp:post_name><![CDATA[icono]]></wp:post_name>
		<wp:status><![CDATA[inherit]]></wp:status>
		<wp:post_parent>0</wp:post_parent>
		<wp:menu_order>0</wp:menu_order>
		<wp:post_type><![CDATA[attachment]]></wp:post_type>
		<wp:post_password><![CDATA[]]></wp:post_password>
		<wp:is_sticky>0</wp:is_sticky>
		<wp:attachment_url><![CDATA[http://localhost:8080/blog/wp-content/uploads/2016/01/icono.png]]></wp:attachment_url>
		<wp:postmeta>
			<wp:meta_key><![CDATA[_wp_attached_file]]></wp:meta_key>
			<wp:meta_value><![CDATA[2016/01/icono.png]]></wp:meta_value>
		</wp:postmeta>
		<wp:postmeta>
			<wp:meta_key><![CDATA[_wp_attachment_metadata]]></wp:meta_key>
			<wp:meta_value><![CDATA[a:5:{s:5:"width";i:350;s:6:"height";i:350;s:4:"file";s:17:"2016/01/icono.png";s:5:"sizes";a:2:{s:9:"thumbnail";a:4:{s:4:"file";s:17:"icono-150x150.png";s:5:"width";i:150;s:6:"height";i:150;s:9:"mime-type";s:9:"image/png";}s:6:"medium";a:4:{s:4:"file";s:17:"icono-300x300.png";s:5:"width";i:300;s:6:"height";i:300;s:9:"mime-type";s:9:"image/png";}}s:10:"image_meta";a:12:{s:8:"aperture";i:0;s:6:"credit";s:0:"";s:6:"camera";s:0:"";s:7:"caption";s:0:"";s:17:"created_timestamp";i:0;s:9:"copyright";s:0:"";s:12:"focal_length";i:0;s:3:"iso";i:0;s:13:"shutter_speed";i:0;s:5:"title";s:0:"";s:11:"orientation";i:0;s:8:"keywords";a:0:{}}}]]></wp:meta_value>
		</wp:postmeta>
	</item>
	<item>
		<title>japon1</title>
		<link>http://localhost:8080/blog/2016/01/11/paises-japon/japon1/</link>
		<pubDate>Wed, 27 Jan 2016 10:32:12 +0000</pubDate>
		<dc:creator><![CDATA[plerti]]></dc:creator>
		<guid isPermaLink="false">http://localhost:8080/blog/wp-content/uploads/2016/01/japon1.jpg</guid>
		<description></description>
		<content:encoded><![CDATA[]]></content:encoded>
		<excerpt:encoded><![CDATA[]]></excerpt:encoded>
		<wp:post_id>60</wp:post_id>
		<wp:post_date><![CDATA[2016-01-27 10:32:12]]></wp:post_date>
		<wp:post_date_gmt><![CDATA[2016-01-27 10:32:12]]></wp:post_date_gmt>
		<wp:comment_status><![CDATA[open]]></wp:comment_status>
		<wp:ping_status><![CDATA[closed]]></wp:ping_status>
		<wp:post_name><![CDATA[japon1]]></wp:post_name>
		<wp:status><![CDATA[inherit]]></wp:status>
		<wp:post_parent>51</wp:post_parent>
		<wp:menu_order>0</wp:menu_order>
		<wp:post_type><![CDATA[attachment]]></wp:post_type>
		<wp:post_password><![CDATA[]]></wp:post_password>
		<wp:is_sticky>0</wp:is_sticky>
		<wp:attachment_url><![CDATA[http://localhost:8080/blog/wp-content/uploads/2016/01/japon1.jpg]]></wp:attachment_url>
		<wp:postmeta>
			<wp:meta_key><![CDATA[_wp_attached_file]]></wp:meta_key>
			<wp:meta_value><![CDATA[2016/01/japon1.jpg]]></wp:meta_value>
		</wp:postmeta>
		<wp:postmeta>
			<wp:meta_key><![CDATA[_wp_attachment_metadata]]></wp:meta_key>
			<wp:meta_value><![CDATA[a:5:{s:5:"width";i:1024;s:6:"height";i:685;s:4:"file";s:18:"2016/01/japon1.jpg";s:5:"sizes";a:4:{s:9:"thumbnail";a:4:{s:4:"file";s:18:"japon1-150x150.jpg";s:5:"width";i:150;s:6:"height";i:150;s:9:"mime-type";s:10:"image/jpeg";}s:6:"medium";a:4:{s:4:"file";s:18:"japon1-300x201.jpg";s:5:"width";i:300;s:6:"height";i:201;s:9:"mime-type";s:10:"image/jpeg";}s:12:"medium_large";a:4:{s:4:"file";s:18:"japon1-768x514.jpg";s:5:"width";i:768;s:6:"height";i:514;s:9:"mime-type";s:10:"image/jpeg";}s:5:"large";a:4:{s:4:"file";s:19:"japon1-1024x685.jpg";s:5:"width";i:1024;s:6:"height";i:685;s:9:"mime-type";s:10:"image/jpeg";}}s:10:"image_meta";a:12:{s:8:"aperture";d:3.79999999999999982236431605997495353221893310546875;s:6:"credit";s:0:"";s:6:"camera";s:9:"NIKON D60";s:7:"caption";s:0:"";s:17:"created_timestamp";i:1253597471;s:9:"copyright";s:0:"";s:12:"focal_length";s:2:"22";s:3:"iso";s:3:"100";s:13:"shutter_speed";s:7:"0.00625";s:5:"title";s:0:"";s:11:"orientation";i:1;s:8:"keywords";a:0:{}}}]]></wp:meta_value>
		</wp:postmeta>
	</item>
	<item>
		<title>minamimoto_wallpaper-sho-minamimoto-twewy-34240902-1280-800</title>
		<link>http://localhost:8080/blog/2016/02/26/imagnes-por-un-tubo/minamimoto_wallpaper-sho-minamimoto-twewy-34240902-1280-800/</link>
		<pubDate>Fri, 26 Feb 2016 16:58:47 +0000</pubDate>
		<dc:creator><![CDATA[plerti]]></dc:creator>
		<guid isPermaLink="false">http://localhost:8080/blog/wp-content/uploads/2016/02/minamimoto_wallpaper-sho-minamimoto-twewy-34240902-1280-800.jpg</guid>
		<description></description>
		<content:encoded><![CDATA[]]></content:encoded>
		<excerpt:encoded><![CDATA[]]></excerpt:encoded>
		<wp:post_id>99</wp:post_id>
		<wp:post_date><![CDATA[2016-02-26 16:58:47]]></wp:post_date>
		<wp:post_date_gmt><![CDATA[2016-02-26 16:58:47]]></wp:post_date_gmt>
		<wp:comment_status><![CDATA[open]]></wp:comment_status>
		<wp:ping_status><![CDATA[closed]]></wp:ping_status>
		<wp:post_name><![CDATA[minamimoto_wallpaper-sho-minamimoto-twewy-34240902-1280-800]]></wp:post_name>
		<wp:status><![CDATA[inherit]]></wp:status>
		<wp:post_parent>98</wp:post_parent>
		<wp:menu_order>0</wp:menu_order>
		<wp:post_type><![CDATA[attachment]]></wp:post_type>
		<wp:post_password><![CDATA[]]></wp:post_password>
		<wp:is_sticky>0</wp:is_sticky>
		<wp:attachment_url><![CDATA[http://localhost:8080/blog/wp-content/uploads/2016/02/minamimoto_wallpaper-sho-minamimoto-twewy-34240902-1280-800.jpg]]></wp:attachment_url>
		<wp:postmeta>
			<wp:meta_key><![CDATA[_wp_attached_file]]></wp:meta_key>
			<wp:meta_value><![CDATA[2016/02/minamimoto_wallpaper-sho-minamimoto-twewy-34240902-1280-800.jpg]]></wp:meta_value>
		</wp:postmeta>
		<wp:postmeta>
			<wp:meta_key><![CDATA[_wp_attachment_metadata]]></wp:meta_key>
			<wp:meta_value><![CDATA[a:5:{s:5:"width";i:1280;s:6:"height";i:800;s:4:"file";s:71:"2016/02/minamimoto_wallpaper-sho-minamimoto-twewy-34240902-1280-800.jpg";s:5:"sizes";a:4:{s:9:"thumbnail";a:4:{s:4:"file";s:71:"minamimoto_wallpaper-sho-minamimoto-twewy-34240902-1280-800-150x150.jpg";s:5:"width";i:150;s:6:"height";i:150;s:9:"mime-type";s:10:"image/jpeg";}s:6:"medium";a:4:{s:4:"file";s:71:"minamimoto_wallpaper-sho-minamimoto-twewy-34240902-1280-800-300x188.jpg";s:5:"width";i:300;s:6:"height";i:188;s:9:"mime-type";s:10:"image/jpeg";}s:12:"medium_large";a:4:{s:4:"file";s:71:"minamimoto_wallpaper-sho-minamimoto-twewy-34240902-1280-800-768x480.jpg";s:5:"width";i:768;s:6:"height";i:480;s:9:"mime-type";s:10:"image/jpeg";}s:5:"large";a:4:{s:4:"file";s:72:"minamimoto_wallpaper-sho-minamimoto-twewy-34240902-1280-800-1024x640.jpg";s:5:"width";i:1024;s:6:"height";i:640;s:9:"mime-type";s:10:"image/jpeg";}}s:10:"image_meta";a:12:{s:8:"aperture";i:0;s:6:"credit";s:0:"";s:6:"camera";s:0:"";s:7:"caption";s:0:"";s:17:"created_timestamp";i:0;s:9:"copyright";s:0:"";s:12:"focal_length";i:0;s:3:"iso";i:0;s:13:"shutter_speed";i:0;s:5:"title";s:0:"";s:11:"orientation";i:0;s:8:"keywords";a:0:{}}}]]></wp:meta_value>
		</wp:postmeta>
	</item>
	<item>
		<title>twewy_thing1_by_argentine123-d33dnx5</title>
		<link>http://localhost:8080/blog/2016/02/26/imagnes-por-un-tubo/twewy_thing1_by_argentine123-d33dnx5/</link>
		<pubDate>Fri, 26 Feb 2016 16:59:08 +0000</pubDate>
		<dc:creator><![CDATA[plerti]]></dc:creator>
		<guid isPermaLink="false">http://localhost:8080/blog/wp-content/uploads/2016/02/twewy_thing1_by_argentine123-d33dnx5.png</guid>
		<description></description>
		<content:encoded><![CDATA[]]></content:encoded>
		<excerpt:encoded><![CDATA[]]></excerpt:encoded>
		<wp:post_id>100</wp:post_id>
		<wp:post_date><![CDATA[2016-02-26 16:59:08]]></wp:post_date>
		<wp:post_date_gmt><![CDATA[2016-02-26 16:59:08]]></wp:post_date_gmt>
		<wp:comment_status><![CDATA[open]]></wp:comment_status>
		<wp:ping_status><![CDATA[closed]]></wp:ping_status>
		<wp:post_name><![CDATA[twewy_thing1_by_argentine123-d33dnx5]]></wp:post_name>
		<wp:status><![CDATA[inherit]]></wp:status>
		<wp:post_parent>98</wp:post_parent>
		<wp:menu_order>0</wp:menu_order>
		<wp:post_type><![CDATA[attachment]]></wp:post_type>
		<wp:post_password><![CDATA[]]></wp:post_password>
		<wp:is_sticky>0</wp:is_sticky>
		<wp:attachment_url><![CDATA[http://localhost:8080/blog/wp-content/uploads/2016/02/twewy_thing1_by_argentine123-d33dnx5.png]]></wp:attachment_url>
		<wp:postmeta>
			<wp:meta_key><![CDATA[_wp_attached_file]]></wp:meta_key>
			<wp:meta_value><![CDATA[2016/02/twewy_thing1_by_argentine123-d33dnx5.png]]></wp:meta_value>
		</wp:postmeta>
		<wp:postmeta>
			<wp:meta_key><![CDATA[_wp_attachment_metadata]]></wp:meta_key>
			<wp:meta_value><![CDATA[a:5:{s:5:"width";i:470;s:6:"height";i:470;s:4:"file";s:48:"2016/02/twewy_thing1_by_argentine123-d33dnx5.png";s:5:"sizes";a:2:{s:9:"thumbnail";a:4:{s:4:"file";s:48:"twewy_thing1_by_argentine123-d33dnx5-150x150.png";s:5:"width";i:150;s:6:"height";i:150;s:9:"mime-type";s:9:"image/png";}s:6:"medium";a:4:{s:4:"file";s:48:"twewy_thing1_by_argentine123-d33dnx5-300x300.png";s:5:"width";i:300;s:6:"height";i:300;s:9:"mime-type";s:9:"image/png";}}s:10:"image_meta";a:12:{s:8:"aperture";i:0;s:6:"credit";s:0:"";s:6:"camera";s:0:"";s:7:"caption";s:0:"";s:17:"created_timestamp";i:0;s:9:"copyright";s:0:"";s:12:"focal_length";i:0;s:3:"iso";i:0;s:13:"shutter_speed";i:0;s:5:"title";s:0:"";s:11:"orientation";i:0;s:8:"keywords";a:0:{}}}]]></wp:meta_value>
		</wp:postmeta>
	</item>
	<item>
		<title>piramidesycamello</title>
		<link>http://localhost:8080/blog/2015/12/11/otros-destinos-decentes/piramidesycamello/</link>
		<pubDate>Thu, 03 Mar 2016 18:45:55 +0000</pubDate>
		<dc:creator><![CDATA[plerti]]></dc:creator>
		<guid isPermaLink="false">http://localhost:8080/blog/wp-content/uploads/2015/12/piramidesycamello.jpg</guid>
		<description></description>
		<content:encoded><![CDATA[]]></content:encoded>
		<excerpt:encoded><![CDATA[]]></excerpt:encoded>
		<wp:post_id>116</wp:post_id>
		<wp:post_date><![CDATA[2016-03-03 18:45:55]]></wp:post_date>
		<wp:post_date_gmt><![CDATA[2016-03-03 18:45:55]]></wp:post_date_gmt>
		<wp:comment_status><![CDATA[open]]></wp:comment_status>
		<wp:ping_status><![CDATA[closed]]></wp:ping_status>
		<wp:post_name><![CDATA[piramidesycamello]]></wp:post_name>
		<wp:status><![CDATA[inherit]]></wp:status>
		<wp:post_parent>37</wp:post_parent>
		<wp:menu_order>0</wp:menu_order>
		<wp:post_type><![CDATA[attachment]]></wp:post_type>
		<wp:post_password><![CDATA[]]></wp:post_password>
		<wp:is_sticky>0</wp:is_sticky>
		<wp:attachment_url><![CDATA[http://localhost:8080/blog/wp-content/uploads/2015/12/piramidesycamello.jpg]]></wp:attachment_url>
		<wp:postmeta>
			<wp:meta_key><![CDATA[_wp_attached_file]]></wp:meta_key>
			<wp:meta_value><![CDATA[2015/12/piramidesycamello.jpg]]></wp:meta_value>
		</wp:postmeta>
		<wp:postmeta>
			<wp:meta_key><![CDATA[_wp_attachment_metadata]]></wp:meta_key>
			<wp:meta_value><![CDATA[a:5:{s:5:"width";i:1024;s:6:"height";i:768;s:4:"file";s:29:"2015/12/piramidesycamello.jpg";s:5:"sizes";a:4:{s:9:"thumbnail";a:4:{s:4:"file";s:29:"piramidesycamello-150x150.jpg";s:5:"width";i:150;s:6:"height";i:150;s:9:"mime-type";s:10:"image/jpeg";}s:6:"medium";a:4:{s:4:"file";s:29:"piramidesycamello-300x225.jpg";s:5:"width";i:300;s:6:"height";i:225;s:9:"mime-type";s:10:"image/jpeg";}s:12:"medium_large";a:4:{s:4:"file";s:29:"piramidesycamello-768x576.jpg";s:5:"width";i:768;s:6:"height";i:576;s:9:"mime-type";s:10:"image/jpeg";}s:5:"large";a:4:{s:4:"file";s:30:"piramidesycamello-1024x768.jpg";s:5:"width";i:1024;s:6:"height";i:768;s:9:"mime-type";s:10:"image/jpeg";}}s:10:"image_meta";a:12:{s:8:"aperture";s:1:"0";s:6:"credit";s:0:"";s:6:"camera";s:0:"";s:7:"caption";s:0:"";s:17:"created_timestamp";s:1:"0";s:9:"copyright";s:0:"";s:12:"focal_length";s:1:"0";s:3:"iso";s:1:"0";s:13:"shutter_speed";s:1:"0";s:5:"title";s:0:"";s:11:"orientation";s:1:"0";s:8:"keywords";a:0:{}}}]]></wp:meta_value>
		</wp:postmeta>
	</item>
	<item>
		<title>egipto2</title>
		<link>http://localhost:8080/blog/2015/12/11/otros-destinos-decentes/egipto2/</link>
		<pubDate>Thu, 03 Mar 2016 18:47:03 +0000</pubDate>
		<dc:creator><![CDATA[plerti]]></dc:creator>
		<guid isPermaLink="false">http://localhost:8080/blog/wp-content/uploads/2015/12/egipto2.jpg</guid>
		<description></description>
		<content:encoded><![CDATA[]]></content:encoded>
		<excerpt:encoded><![CDATA[]]></excerpt:encoded>
		<wp:post_id>117</wp:post_id>
		<wp:post_date><![CDATA[2016-03-03 18:47:03]]></wp:post_date>
		<wp:post_date_gmt><![CDATA[2016-03-03 18:47:03]]></wp:post_date_gmt>
		<wp:comment_status><![CDATA[open]]></wp:comment_status>
		<wp:ping_status><![CDATA[closed]]></wp:ping_status>
		<wp:post_name><![CDATA[egipto2]]></wp:post_name>
		<wp:status><![CDATA[inherit]]></wp:status>
		<wp:post_parent>37</wp:post_parent>
		<wp:menu_order>0</wp:menu_order>
		<wp:post_type><![CDATA[attachment]]></wp:post_type>
		<wp:post_password><![CDATA[]]></wp:post_password>
		<wp:is_sticky>0</wp:is_sticky>
		<wp:attachment_url><![CDATA[http://localhost:8080/blog/wp-content/uploads/2015/12/egipto2.jpg]]></wp:attachment_url>
		<wp:postmeta>
			<wp:meta_key><![CDATA[_wp_attached_file]]></wp:meta_key>
			<wp:meta_value><![CDATA[2015/12/egipto2.jpg]]></wp:meta_value>
		</wp:postmeta>
		<wp:postmeta>
			<wp:meta_key><![CDATA[_wp_attachment_metadata]]></wp:meta_key>
			<wp:meta_value><![CDATA[a:5:{s:5:"width";i:1920;s:6:"height";i:1200;s:4:"file";s:19:"2015/12/egipto2.jpg";s:5:"sizes";a:4:{s:9:"thumbnail";a:4:{s:4:"file";s:19:"egipto2-150x150.jpg";s:5:"width";i:150;s:6:"height";i:150;s:9:"mime-type";s:10:"image/jpeg";}s:6:"medium";a:4:{s:4:"file";s:19:"egipto2-300x188.jpg";s:5:"width";i:300;s:6:"height";i:188;s:9:"mime-type";s:10:"image/jpeg";}s:12:"medium_large";a:4:{s:4:"file";s:19:"egipto2-768x480.jpg";s:5:"width";i:768;s:6:"height";i:480;s:9:"mime-type";s:10:"image/jpeg";}s:5:"large";a:4:{s:4:"file";s:20:"egipto2-1024x640.jpg";s:5:"width";i:1024;s:6:"height";i:640;s:9:"mime-type";s:10:"image/jpeg";}}s:10:"image_meta";a:12:{s:8:"aperture";s:1:"0";s:6:"credit";s:0:"";s:6:"camera";s:0:"";s:7:"caption";s:0:"";s:17:"created_timestamp";s:1:"0";s:9:"copyright";s:0:"";s:12:"focal_length";s:1:"0";s:3:"iso";s:1:"0";s:13:"shutter_speed";s:1:"0";s:5:"title";s:0:"";s:11:"orientation";s:1:"0";s:8:"keywords";a:0:{}}}]]></wp:meta_value>
		</wp:postmeta>
	</item>
	<item>
		<title>republica_checa</title>
		<link>http://localhost:8080/blog/2015/12/11/mejores-destinos-2015/republica_checa/</link>
		<pubDate>Thu, 03 Mar 2016 18:49:49 +0000</pubDate>
		<dc:creator><![CDATA[plerti]]></dc:creator>
		<guid isPermaLink="false">http://localhost:8080/blog/wp-content/uploads/2015/12/republica_checa.jpg</guid>
		<description></description>
		<content:encoded><![CDATA[]]></content:encoded>
		<excerpt:encoded><![CDATA[]]></excerpt:encoded>
		<wp:post_id>119</wp:post_id>
		<wp:post_date><![CDATA[2016-03-03 18:49:49]]></wp:post_date>
		<wp:post_date_gmt><![CDATA[2016-03-03 18:49:49]]></wp:post_date_gmt>
		<wp:comment_status><![CDATA[open]]></wp:comment_status>
		<wp:ping_status><![CDATA[closed]]></wp:ping_status>
		<wp:post_name><![CDATA[republica_checa]]></wp:post_name>
		<wp:status><![CDATA[inherit]]></wp:status>
		<wp:post_parent>32</wp:post_parent>
		<wp:menu_order>0</wp:menu_order>
		<wp:post_type><![CDATA[attachment]]></wp:post_type>
		<wp:post_password><![CDATA[]]></wp:post_password>
		<wp:is_sticky>0</wp:is_sticky>
		<wp:attachment_url><![CDATA[http://localhost:8080/blog/wp-content/uploads/2015/12/republica_checa.jpg]]></wp:attachment_url>
		<wp:postmeta>
			<wp:meta_key><![CDATA[_wp_attached_file]]></wp:meta_key>
			<wp:meta_value><![CDATA[2015/12/republica_checa.jpg]]></wp:meta_value>
		</wp:postmeta>
		<wp:postmeta>
			<wp:meta_key><![CDATA[_wp_attachment_metadata]]></wp:meta_key>
			<wp:meta_value><![CDATA[a:5:{s:5:"width";i:610;s:6:"height";i:337;s:4:"file";s:27:"2015/12/republica_checa.jpg";s:5:"sizes";a:2:{s:9:"thumbnail";a:4:{s:4:"file";s:27:"republica_checa-150x150.jpg";s:5:"width";i:150;s:6:"height";i:150;s:9:"mime-type";s:10:"image/jpeg";}s:6:"medium";a:4:{s:4:"file";s:27:"republica_checa-300x166.jpg";s:5:"width";i:300;s:6:"height";i:166;s:9:"mime-type";s:10:"image/jpeg";}}s:10:"image_meta";a:12:{s:8:"aperture";s:1:"0";s:6:"credit";s:0:"";s:6:"camera";s:0:"";s:7:"caption";s:0:"";s:17:"created_timestamp";s:1:"0";s:9:"copyright";s:0:"";s:12:"focal_length";s:1:"0";s:3:"iso";s:1:"0";s:13:"shutter_speed";s:1:"0";s:5:"title";s:0:"";s:11:"orientation";s:1:"0";s:8:"keywords";a:0:{}}}]]></wp:meta_value>
		</wp:postmeta>
	</item>
	<item>
		<title>republica_checa</title>
		<link>http://localhost:8080/blog/2015/12/11/mejores-destinos-2015/republica_checa-2/</link>
		<pubDate>Thu, 03 Mar 2016 18:51:52 +0000</pubDate>
		<dc:creator><![CDATA[plerti]]></dc:creator>
		<guid isPermaLink="false">http://localhost:8080/blog/wp-content/uploads/2015/12/republica_checa-1.jpg</guid>
		<description></description>
		<content:encoded><![CDATA[]]></content:encoded>
		<excerpt:encoded><![CDATA[]]></excerpt:encoded>
		<wp:post_id>120</wp:post_id>
		<wp:post_date><![CDATA[2016-03-03 18:51:52]]></wp:post_date>
		<wp:post_date_gmt><![CDATA[2016-03-03 18:51:52]]></wp:post_date_gmt>
		<wp:comment_status><![CDATA[open]]></wp:comment_status>
		<wp:ping_status><![CDATA[closed]]></wp:ping_status>
		<wp:post_name><![CDATA[republica_checa-2]]></wp:post_name>
		<wp:status><![CDATA[inherit]]></wp:status>
		<wp:post_parent>32</wp:post_parent>
		<wp:menu_order>0</wp:menu_order>
		<wp:post_type><![CDATA[attachment]]></wp:post_type>
		<wp:post_password><![CDATA[]]></wp:post_password>
		<wp:is_sticky>0</wp:is_sticky>
		<wp:attachment_url><![CDATA[http://localhost:8080/blog/wp-content/uploads/2015/12/republica_checa-1.jpg]]></wp:attachment_url>
		<wp:postmeta>
			<wp:meta_key><![CDATA[_wp_attached_file]]></wp:meta_key>
			<wp:meta_value><![CDATA[2015/12/republica_checa-1.jpg]]></wp:meta_value>
		</wp:postmeta>
		<wp:postmeta>
			<wp:meta_key><![CDATA[_wp_attachment_metadata]]></wp:meta_key>
			<wp:meta_value><![CDATA[a:5:{s:5:"width";i:610;s:6:"height";i:337;s:4:"file";s:29:"2015/12/republica_checa-1.jpg";s:5:"sizes";a:2:{s:9:"thumbnail";a:4:{s:4:"file";s:29:"republica_checa-1-150x150.jpg";s:5:"width";i:150;s:6:"height";i:150;s:9:"mime-type";s:10:"image/jpeg";}s:6:"medium";a:4:{s:4:"file";s:29:"republica_checa-1-300x166.jpg";s:5:"width";i:300;s:6:"height";i:166;s:9:"mime-type";s:10:"image/jpeg";}}s:10:"image_meta";a:12:{s:8:"aperture";s:1:"0";s:6:"credit";s:0:"";s:6:"camera";s:0:"";s:7:"caption";s:0:"";s:17:"created_timestamp";s:1:"0";s:9:"copyright";s:0:"";s:12:"focal_length";s:1:"0";s:3:"iso";s:1:"0";s:13:"shutter_speed";s:1:"0";s:5:"title";s:0:"";s:11:"orientation";s:1:"0";s:8:"keywords";a:0:{}}}]]></wp:meta_value>
		</wp:postmeta>
	</item>
	<item>
		<title>hanoi</title>
		<link>http://localhost:8080/blog/2015/12/11/mejores-destinos-2015/hanoi/</link>
		<pubDate>Thu, 03 Mar 2016 18:52:04 +0000</pubDate>
		<dc:creator><![CDATA[plerti]]></dc:creator>
		<guid isPermaLink="false">http://localhost:8080/blog/wp-content/uploads/2015/12/hanoi.jpg</guid>
		<description></description>
		<content:encoded><![CDATA[]]></content:encoded>
		<excerpt:encoded><![CDATA[]]></excerpt:encoded>
		<wp:post_id>121</wp:post_id>
		<wp:post_date><![CDATA[2016-03-03 18:52:04]]></wp:post_date>
		<wp:post_date_gmt><![CDATA[2016-03-03 18:52:04]]></wp:post_date_gmt>
		<wp:comment_status><![CDATA[open]]></wp:comment_status>
		<wp:ping_status><![CDATA[closed]]></wp:ping_status>
		<wp:post_name><![CDATA[hanoi]]></wp:post_name>
		<wp:status><![CDATA[inherit]]></wp:status>
		<wp:post_parent>32</wp:post_parent>
		<wp:menu_order>0</wp:menu_order>
		<wp:post_type><![CDATA[attachment]]></wp:post_type>
		<wp:post_password><![CDATA[]]></wp:post_password>
		<wp:is_sticky>0</wp:is_sticky>
		<wp:attachment_url><![CDATA[http://localhost:8080/blog/wp-content/uploads/2015/12/hanoi.jpg]]></wp:attachment_url>
		<wp:postmeta>
			<wp:meta_key><![CDATA[_wp_attached_file]]></wp:meta_key>
			<wp:meta_value><![CDATA[2015/12/hanoi.jpg]]></wp:meta_value>
		</wp:postmeta>
		<wp:postmeta>
			<wp:meta_key><![CDATA[_wp_attachment_metadata]]></wp:meta_key>
			<wp:meta_value><![CDATA[a:5:{s:5:"width";i:1800;s:6:"height";i:1196;s:4:"file";s:17:"2015/12/hanoi.jpg";s:5:"sizes";a:4:{s:9:"thumbnail";a:4:{s:4:"file";s:17:"hanoi-150x150.jpg";s:5:"width";i:150;s:6:"height";i:150;s:9:"mime-type";s:10:"image/jpeg";}s:6:"medium";a:4:{s:4:"file";s:17:"hanoi-300x199.jpg";s:5:"width";i:300;s:6:"height";i:199;s:9:"mime-type";s:10:"image/jpeg";}s:12:"medium_large";a:4:{s:4:"file";s:17:"hanoi-768x510.jpg";s:5:"width";i:768;s:6:"height";i:510;s:9:"mime-type";s:10:"image/jpeg";}s:5:"large";a:4:{s:4:"file";s:18:"hanoi-1024x680.jpg";s:5:"width";i:1024;s:6:"height";i:680;s:9:"mime-type";s:10:"image/jpeg";}}s:10:"image_meta";a:12:{s:8:"aperture";s:1:"0";s:6:"credit";s:0:"";s:6:"camera";s:0:"";s:7:"caption";s:0:"";s:17:"created_timestamp";s:1:"0";s:9:"copyright";s:0:"";s:12:"focal_length";s:1:"0";s:3:"iso";s:1:"0";s:13:"shutter_speed";s:1:"0";s:5:"title";s:0:"";s:11:"orientation";s:1:"0";s:8:"keywords";a:0:{}}}]]></wp:meta_value>
		</wp:postmeta>
	</item>
	<item>
		<title>Estambul</title>
		<link>http://localhost:8080/blog/2015/12/11/mejores-destinos-2015/estambul/</link>
		<pubDate>Thu, 03 Mar 2016 18:53:39 +0000</pubDate>
		<dc:creator><![CDATA[plerti]]></dc:creator>
		<guid isPermaLink="false">http://localhost:8080/blog/wp-content/uploads/2015/12/Estambul.jpg</guid>
		<description></description>
		<content:encoded><![CDATA[]]></content:encoded>
		<excerpt:encoded><![CDATA[]]></excerpt:encoded>
		<wp:post_id>122</wp:post_id>
		<wp:post_date><![CDATA[2016-03-03 18:53:39]]></wp:post_date>
		<wp:post_date_gmt><![CDATA[2016-03-03 18:53:39]]></wp:post_date_gmt>
		<wp:comment_status><![CDATA[open]]></wp:comment_status>
		<wp:ping_status><![CDATA[closed]]></wp:ping_status>
		<wp:post_name><![CDATA[estambul]]></wp:post_name>
		<wp:status><![CDATA[inherit]]></wp:status>
		<wp:post_parent>32</wp:post_parent>
		<wp:menu_order>0</wp:menu_order>
		<wp:post_type><![CDATA[attachment]]></wp:post_type>
		<wp:post_password><![CDATA[]]></wp:post_password>
		<wp:is_sticky>0</wp:is_sticky>
		<wp:attachment_url><![CDATA[http://localhost:8080/blog/wp-content/uploads/2015/12/Estambul.jpg]]></wp:attachment_url>
		<wp:postmeta>
			<wp:meta_key><![CDATA[_wp_attached_file]]></wp:meta_key>
			<wp:meta_value><![CDATA[2015/12/Estambul.jpg]]></wp:meta_value>
		</wp:postmeta>
		<wp:postmeta>
			<wp:meta_key><![CDATA[_wp_attachment_metadata]]></wp:meta_key>
			<wp:meta_value><![CDATA[a:5:{s:5:"width";i:900;s:6:"height";i:600;s:4:"file";s:20:"2015/12/Estambul.jpg";s:5:"sizes";a:3:{s:9:"thumbnail";a:4:{s:4:"file";s:20:"Estambul-150x150.jpg";s:5:"width";i:150;s:6:"height";i:150;s:9:"mime-type";s:10:"image/jpeg";}s:6:"medium";a:4:{s:4:"file";s:20:"Estambul-300x200.jpg";s:5:"width";i:300;s:6:"height";i:200;s:9:"mime-type";s:10:"image/jpeg";}s:12:"medium_large";a:4:{s:4:"file";s:20:"Estambul-768x512.jpg";s:5:"width";i:768;s:6:"height";i:512;s:9:"mime-type";s:10:"image/jpeg";}}s:10:"image_meta";a:12:{s:8:"aperture";s:1:"0";s:6:"credit";s:0:"";s:6:"camera";s:0:"";s:7:"caption";s:0:"";s:17:"created_timestamp";s:1:"0";s:9:"copyright";s:0:"";s:12:"focal_length";s:1:"0";s:3:"iso";s:1:"0";s:13:"shutter_speed";s:1:"0";s:5:"title";s:0:"";s:11:"orientation";s:1:"0";s:8:"keywords";a:0:{}}}]]></wp:meta_value>
		</wp:postmeta>
	</item>
	<item>
		<title>siem</title>
		<link>http://localhost:8080/blog/2015/12/11/mejores-destinos-2015/siem/</link>
		<pubDate>Thu, 03 Mar 2016 18:55:33 +0000</pubDate>
		<dc:creator><![CDATA[plerti]]></dc:creator>
		<guid isPermaLink="false">http://localhost:8080/blog/wp-content/uploads/2015/12/siem.jpg</guid>
		<description></description>
		<content:encoded><![CDATA[]]></content:encoded>
		<excerpt:encoded><![CDATA[]]></excerpt:encoded>
		<wp:post_id>123</wp:post_id>
		<wp:post_date><![CDATA[2016-03-03 18:55:33]]></wp:post_date>
		<wp:post_date_gmt><![CDATA[2016-03-03 18:55:33]]></wp:post_date_gmt>
		<wp:comment_status><![CDATA[open]]></wp:comment_status>
		<wp:ping_status><![CDATA[closed]]></wp:ping_status>
		<wp:post_name><![CDATA[siem]]></wp:post_name>
		<wp:status><![CDATA[inherit]]></wp:status>
		<wp:post_parent>32</wp:post_parent>
		<wp:menu_order>0</wp:menu_order>
		<wp:post_type><![CDATA[attachment]]></wp:post_type>
		<wp:post_password><![CDATA[]]></wp:post_password>
		<wp:is_sticky>0</wp:is_sticky>
		<wp:attachment_url><![CDATA[http://localhost:8080/blog/wp-content/uploads/2015/12/siem.jpg]]></wp:attachment_url>
		<wp:postmeta>
			<wp:meta_key><![CDATA[_wp_attached_file]]></wp:meta_key>
			<wp:meta_value><![CDATA[2015/12/siem.jpg]]></wp:meta_value>
		</wp:postmeta>
		<wp:postmeta>
			<wp:meta_key><![CDATA[_wp_attachment_metadata]]></wp:meta_key>
			<wp:meta_value><![CDATA[a:5:{s:5:"width";i:646;s:6:"height";i:430;s:4:"file";s:16:"2015/12/siem.jpg";s:5:"sizes";a:2:{s:9:"thumbnail";a:4:{s:4:"file";s:16:"siem-150x150.jpg";s:5:"width";i:150;s:6:"height";i:150;s:9:"mime-type";s:10:"image/jpeg";}s:6:"medium";a:4:{s:4:"file";s:16:"siem-300x200.jpg";s:5:"width";i:300;s:6:"height";i:200;s:9:"mime-type";s:10:"image/jpeg";}}s:10:"image_meta";a:12:{s:8:"aperture";s:1:"0";s:6:"credit";s:0:"";s:6:"camera";s:0:"";s:7:"caption";s:0:"";s:17:"created_timestamp";s:1:"0";s:9:"copyright";s:0:"";s:12:"focal_length";s:1:"0";s:3:"iso";s:1:"0";s:13:"shutter_speed";s:1:"0";s:5:"title";s:0:"";s:11:"orientation";s:1:"0";s:8:"keywords";a:0:{}}}]]></wp:meta_value>
		</wp:postmeta>
	</item>
	<item>
		<title>marruecos</title>
		<link>http://localhost:8080/blog/2015/12/11/mejores-destinos-2015/marruecos/</link>
		<pubDate>Thu, 03 Mar 2016 18:56:42 +0000</pubDate>
		<dc:creator><![CDATA[plerti]]></dc:creator>
		<guid isPermaLink="false">http://localhost:8080/blog/wp-content/uploads/2015/12/marruecos.jpg</guid>
		<description></description>
		<content:encoded><![CDATA[]]></content:encoded>
		<excerpt:encoded><![CDATA[]]></excerpt:encoded>
		<wp:post_id>124</wp:post_id>
		<wp:post_date><![CDATA[2016-03-03 18:56:42]]></wp:post_date>
		<wp:post_date_gmt><![CDATA[2016-03-03 18:56:42]]></wp:post_date_gmt>
		<wp:comment_status><![CDATA[open]]></wp:comment_status>
		<wp:ping_status><![CDATA[closed]]></wp:ping_status>
		<wp:post_name><![CDATA[marruecos]]></wp:post_name>
		<wp:status><![CDATA[inherit]]></wp:status>
		<wp:post_parent>32</wp:post_parent>
		<wp:menu_order>0</wp:menu_order>
		<wp:post_type><![CDATA[attachment]]></wp:post_type>
		<wp:post_password><![CDATA[]]></wp:post_password>
		<wp:is_sticky>0</wp:is_sticky>
		<wp:attachment_url><![CDATA[http://localhost:8080/blog/wp-content/uploads/2015/12/marruecos.jpg]]></wp:attachment_url>
		<wp:postmeta>
			<wp:meta_key><![CDATA[_wp_attached_file]]></wp:meta_key>
			<wp:meta_value><![CDATA[2015/12/marruecos.jpg]]></wp:meta_value>
		</wp:postmeta>
		<wp:postmeta>
			<wp:meta_key><![CDATA[_wp_attachment_metadata]]></wp:meta_key>
			<wp:meta_value><![CDATA[a:5:{s:5:"width";i:580;s:6:"height";i:387;s:4:"file";s:21:"2015/12/marruecos.jpg";s:5:"sizes";a:2:{s:9:"thumbnail";a:4:{s:4:"file";s:21:"marruecos-150x150.jpg";s:5:"width";i:150;s:6:"height";i:150;s:9:"mime-type";s:10:"image/jpeg";}s:6:"medium";a:4:{s:4:"file";s:21:"marruecos-300x200.jpg";s:5:"width";i:300;s:6:"height";i:200;s:9:"mime-type";s:10:"image/jpeg";}}s:10:"image_meta";a:12:{s:8:"aperture";s:1:"0";s:6:"credit";s:0:"";s:6:"camera";s:0:"";s:7:"caption";s:0:"";s:17:"created_timestamp";s:1:"0";s:9:"copyright";s:0:"";s:12:"focal_length";s:1:"0";s:3:"iso";s:1:"0";s:13:"shutter_speed";s:1:"0";s:5:"title";s:0:"";s:11:"orientation";s:1:"0";s:8:"keywords";a:0:{}}}]]></wp:meta_value>
		</wp:postmeta>
	</item>
	<item>
		<title>Novedades</title>
		<link>http://localhost:8080/blog/novedades/</link>
		<pubDate>Mon, 30 Nov 2015 11:28:38 +0000</pubDate>
		<dc:creator><![CDATA[plerti]]></dc:creator>
		<guid isPermaLink="false">http://localhost:8081/blog/?page_id=14</guid>
		<description></description>
		<content:encoded><![CDATA[]]></content:encoded>
		<excerpt:encoded><![CDATA[]]></excerpt:encoded>
		<wp:post_id>14</wp:post_id>
		<wp:post_date><![CDATA[2015-11-30 11:28:38]]></wp:post_date>
		<wp:post_date_gmt><![CDATA[2015-11-30 11:28:38]]></wp:post_date_gmt>
		<wp:comment_status><![CDATA[closed]]></wp:comment_status>
		<wp:ping_status><![CDATA[closed]]></wp:ping_status>
		<wp:post_name><![CDATA[novedades]]></wp:post_name>
		<wp:status><![CDATA[publish]]></wp:status>
		<wp:post_parent>0</wp:post_parent>
		<wp:menu_order>1</wp:menu_order>
		<wp:post_type><![CDATA[page]]></wp:post_type>
		<wp:post_password><![CDATA[]]></wp:post_password>
		<wp:is_sticky>0</wp:is_sticky>
		<wp:postmeta>
			<wp:meta_key><![CDATA[_edit_last]]></wp:meta_key>
			<wp:meta_value><![CDATA[1]]></wp:meta_value>
		</wp:postmeta>
		<wp:postmeta>
			<wp:meta_key><![CDATA[_edit_last]]></wp:meta_key>
			<wp:meta_value><![CDATA[1]]></wp:meta_value>
		</wp:postmeta>
		<wp:postmeta>
			<wp:meta_key><![CDATA[_edit_last]]></wp:meta_key>
			<wp:meta_value><![CDATA[1]]></wp:meta_value>
		</wp:postmeta>
	</item>
	<item>
		<title>Archivos</title>
		<link>http://localhost:8080/blog/archives/</link>
		<pubDate>Wed, 09 Dec 2015 11:01:44 +0000</pubDate>
		<dc:creator><![CDATA[plerti]]></dc:creator>
		<guid isPermaLink="false">http://localhost:8081/blog/?page_id=25</guid>
		<description></description>
		<content:encoded><![CDATA[]]></content:encoded>
		<excerpt:encoded><![CDATA[]]></excerpt:encoded>
		<wp:post_id>25</wp:post_id>
		<wp:post_date><![CDATA[2015-12-09 11:01:44]]></wp:post_date>
		<wp:post_date_gmt><![CDATA[2015-12-09 11:01:44]]></wp:post_date_gmt>
		<wp:comment_status><![CDATA[closed]]></wp:comment_status>
		<wp:ping_status><![CDATA[closed]]></wp:ping_status>
		<wp:post_name><![CDATA[archives]]></wp:post_name>
		<wp:status><![CDATA[publish]]></wp:status>
		<wp:post_parent>0</wp:post_parent>
		<wp:menu_order>2</wp:menu_order>
		<wp:post_type><![CDATA[page]]></wp:post_type>
		<wp:post_password><![CDATA[]]></wp:post_password>
		<wp:is_sticky>0</wp:is_sticky>
		<wp:postmeta>
			<wp:meta_key><![CDATA[_edit_last]]></wp:meta_key>
			<wp:meta_value><![CDATA[1]]></wp:meta_value>
		</wp:postmeta>
		<wp:postmeta>
			<wp:meta_key><![CDATA[_wp_page_template]]></wp:meta_key>
			<wp:meta_value><![CDATA[page-archives.php]]></wp:meta_value>
		</wp:postmeta>
		<wp:postmeta>
			<wp:meta_key><![CDATA[_edit_last]]></wp:meta_key>
			<wp:meta_value><![CDATA[1]]></wp:meta_value>
		</wp:postmeta>
		<wp:postmeta>
			<wp:meta_key><![CDATA[_wp_page_template]]></wp:meta_key>
			<wp:meta_value><![CDATA[page-archives.php]]></wp:meta_value>
		</wp:postmeta>
		<wp:postmeta>
			<wp:meta_key><![CDATA[_edit_last]]></wp:meta_key>
			<wp:meta_value><![CDATA[1]]></wp:meta_value>
		</wp:postmeta>
		<wp:postmeta>
			<wp:meta_key><![CDATA[_wp_page_template]]></wp:meta_key>
			<wp:meta_value><![CDATA[page-archives.php]]></wp:meta_value>
		</wp:postmeta>
	</item>
	<item>
		<title>Mejores destinos 2015</title>
		<link>http://localhost:8080/blog/2015/12/11/mejores-destinos-2015/</link>
		<pubDate>Fri, 11 Dec 2015 11:23:15 +0000</pubDate>
		<dc:creator><![CDATA[plerti]]></dc:creator>
		<guid isPermaLink="false">http://localhost:8081/blog/?p=32</guid>
		<description></description>
		<content:encoded><![CDATA[<strong>Número 5: República Checa</strong>

<a href="http://localhost:8080/blog/wp-content/uploads/2015/12/republica_checa.jpg" rel="attachment wp-att-119"><img class="alignnone size-medium wp-image-119" src="http://localhost:8080/blog/wp-content/uploads/2015/12/republica_checa-300x166.jpg" alt="republica_checa" width="300" height="166" /></a>

La <b>República Checa</b> (en checo: <i>Česká republika</i>), también conocida oficiosamente con el nombre abreviado de <b>Chequia</b> (en checo: <i>Česko</i>) —utilizado tanto por el gobierno checo como por la Unión europea en su versión en español—, es un país soberano de Europa Central sin litoral. Limita con Alemania al oeste, con Austria al sur, con Eslovaquia al este y con Polonia al norte. Su capital y mayor ciudad es Praga. La República Checa tiene territorios de lo que antaño fueron Moravia y Bohemia y una pequeña parte de Silesia.

<strong>Número 4: Hanói</strong>

<a href="http://localhost:8080/blog/wp-content/uploads/2015/12/hanoi.jpg" rel="attachment wp-att-121"><img class="alignnone size-medium wp-image-121" src="http://localhost:8080/blog/wp-content/uploads/2015/12/hanoi-300x199.jpg" alt="hanoi" width="300" height="199" /></a>

<b>Hanói</b> (en vietnamita: <i>Hà Nội</i>) es la ciudad capital de Vietnam así como la segunda ciudad más grande del país tras la ciudad de Ho Chi Minh. Se encuentra situada en la zona norte del país, en la margen derecha del río Rojo a una distancia de aproximadamente 1760 km al norte de Ciudad Ho Chi Minh y a unos 120 km al oeste de Hải Phòng, principal puerto de Vietnam. En el 2009 tenía una población estimada en 2,6 millones de habitantes en los distritos urbanos que ascendían a unos 6,5 millones en el área metropolitana<strong>.</strong>

<strong>Número 3: Estambul</strong>

<a href="http://localhost:8080/blog/wp-content/uploads/2015/12/Estambul.jpg" rel="attachment wp-att-122"><img class="alignnone size-medium wp-image-122" src="http://localhost:8080/blog/wp-content/uploads/2015/12/Estambul-300x200.jpg" alt="Estambul" width="300" height="200" /></a>

<b>Estambul</b> (en turco <span lang="tr" xml:lang="tr"><i>İstanbul</i></span>, <span class="IPA" title="Representación en el Alfabeto Fonético Internacional (IPA o AFI)">[isˈtanbuɫ]</span>) es la mayor ciudad de Turquía y la ciudad más poblada de Europa. Fue sucesivamente capital de Estados soberanos como el Imperio romano, el Imperio romano de Oriente, el Imperio latino y elImperio otomano hasta 1923 cuando se terminó en la Ocupación de Constantinopla. Es considerada por su espléndido valor artístico y su ubicación en el Bósforo como una de las ciudades más bellas del mundo. Es una de las tres urbes transcontinentales que se sitúan entre Europa y Asia (las otras dos son Atyrau y Oremburgo).

<strong>Número 2: Siem Reap</strong>

<a href="http://localhost:8080/blog/wp-content/uploads/2015/12/siem.jpg" rel="attachment wp-att-123"><img class="alignnone size-medium wp-image-123" src="http://localhost:8080/blog/wp-content/uploads/2015/12/siem-300x200.jpg" alt="siem" width="300" height="200" /></a>

La <b>Ciudad de Siem Riep</b> es la capital de la Provincia de Siem Riep y se sitúa al corazón de dicha provincia al paso de la Carretera Nacional 6 que une la capital, Phnom Penh y Kompung Thom con Sisophon. Parte de allí la Carretera Nacional 12 que va hacia el norte del país (Provincia de Preah Wijía).

<strong>Número 1: Marruecos</strong>

<a href="http://localhost:8080/blog/wp-content/uploads/2015/12/marruecos.jpg" rel="attachment wp-att-124"><img class="alignnone size-medium wp-image-124" src="http://localhost:8080/blog/wp-content/uploads/2015/12/marruecos-300x200.jpg" alt="marruecos" width="300" height="200" /></a>

<b>Marruecos</b> (en árabe: <b>المغرب</b> <i>al-Maġrib</i>, ‘el país del occidente’; en bereber: <i>Murakuč</i> 'La tierra de Dios'; ) —oficialmente denominado <b>Reino de Marruecos</b> (en bereber: <i>Tageldit-n-Murakuč</i>; en árabe: <span lang="ar">المملكة المغربية</span> <i>al-Mamlaka al-Maġribiyya</i>)— es un país soberano situado en el Magreb, al norte de África, con costas en el océano Atlántico y el mar Mediterráneo.

&nbsp;]]></content:encoded>
		<excerpt:encoded><![CDATA[]]></excerpt:encoded>
		<wp:post_id>32</wp:post_id>
		<wp:post_date><![CDATA[2015-12-11 11:23:15]]></wp:post_date>
		<wp:post_date_gmt><![CDATA[2015-12-11 11:23:15]]></wp:post_date_gmt>
		<wp:comment_status><![CDATA[open]]></wp:comment_status>
		<wp:ping_status><![CDATA[open]]></wp:ping_status>
		<wp:post_name><![CDATA[mejores-destinos-2015]]></wp:post_name>
		<wp:status><![CDATA[publish]]></wp:status>
		<wp:post_parent>0</wp:post_parent>
		<wp:menu_order>0</wp:menu_order>
		<wp:post_type><![CDATA[post]]></wp:post_type>
		<wp:post_password><![CDATA[]]></wp:post_password>
		<wp:is_sticky>0</wp:is_sticky>
		<category domain="post_tag" nicename="exotico"><![CDATA[Exotico]]></category>
		<category domain="post_tag" nicename="prueba"><![CDATA[Prueba]]></category>
		<category domain="category" nicename="sin-categoria"><![CDATA[Sin categoría]]></category>
		<category domain="post_tag" nicename="viajes"><![CDATA[Viajes]]></category>
		<wp:postmeta>
			<wp:meta_key><![CDATA[_edit_last]]></wp:meta_key>
			<wp:meta_value><![CDATA[1]]></wp:meta_value>
		</wp:postmeta>
		<wp:postmeta>
			<wp:meta_key><![CDATA[_edit_last]]></wp:meta_key>
			<wp:meta_value><![CDATA[1]]></wp:meta_value>
		</wp:postmeta>
		<wp:postmeta>
			<wp:meta_key><![CDATA[_edit_last]]></wp:meta_key>
			<wp:meta_value><![CDATA[1]]></wp:meta_value>
		</wp:postmeta>
		<wp:comment>
			<wp:comment_id>3</wp:comment_id>
			<wp:comment_author><![CDATA[plerti]]></wp:comment_author>
			<wp:comment_author_email><![CDATA[pablohmarabo@hotmail.es]]></wp:comment_author_email>
			<wp:comment_author_url></wp:comment_author_url>
			<wp:comment_author_IP><![CDATA[::1]]></wp:comment_author_IP>
			<wp:comment_date><![CDATA[2016-01-08 12:08:20]]></wp:comment_date>
			<wp:comment_date_gmt><![CDATA[2016-01-08 11:08:20]]></wp:comment_date_gmt>
			<wp:comment_content><![CDATA[Comentario de prueba]]></wp:comment_content>
			<wp:comment_approved><![CDATA[1]]></wp:comment_approved>
			<wp:comment_type><![CDATA[]]></wp:comment_type>
			<wp:comment_parent>0</wp:comment_parent>
			<wp:comment_user_id>1</wp:comment_user_id>
			<wp:commentmeta>
				<wp:meta_key><![CDATA[akismet_result]]></wp:meta_key>
				<wp:meta_value><![CDATA[false]]></wp:meta_value>
			</wp:commentmeta>
			<wp:commentmeta>
				<wp:meta_key><![CDATA[akismet_history]]></wp:meta_key>
				<wp:meta_value><![CDATA[a:3:{s:4:"time";d:1452251300.2419760227203369140625;s:5:"event";s:9:"check-ham";s:4:"user";s:6:"plerti";}]]></wp:meta_value>
			</wp:commentmeta>
		</wp:comment>
	</item>
	<item>
		<title>Egipto</title>
		<link>http://localhost:8080/blog/2015/12/11/otros-destinos-decentes/</link>
		<pubDate>Fri, 11 Dec 2015 11:27:11 +0000</pubDate>
		<dc:creator><![CDATA[plerti]]></dc:creator>
		<guid isPermaLink="false">http://localhost:8081/blog/?p=37</guid>
		<description></description>
		<content:encoded><![CDATA[Egipto, oficialmente la República Árabe de Egipto (en árabe: جمهوريّة مصرالعربيّة Ŷumhūriyyat Miṣr Al-ʿArabiyyah, pronunciado en dialecto egipcio: [Maṣr]), es un país soberano de África en la parte más occidental del Máshrek. Es un país transcontinental, está ubicado mayoritariamente en el extremo noreste de África mientras que en Asia, se encuentra la península del Sinaí un terreno comparativamente pequeño comparado con el resto del país. Limita con Sudán al sur, con Libia al oeste y con el Estado de Palestina e Israel al noreste. Al norte limita con el mar Mediterráneo y al sureste con el mar Rojo.

<a href="http://localhost:8080/blog/wp-content/uploads/2015/12/egipto-1.jpg" rel="attachment wp-att-45"><img class="alignnone size-medium wp-image-45" src="http://localhost:8080/blog/wp-content/uploads/2015/12/egipto-1-300x188.jpg" alt="egipto" width="300" height="188" /></a>

La mayor parte de su superficie la integra el desierto del Sahara. El río Nilo cruza el desierto de norte a sur, formando un estrecho valle y un gran delta en su desembocadura en el Mediterráneo. Estas tierras fértiles se hallan densamente pobladas, concentrando la mayor población nacional de África. Casi la mitad de los egipcios viven en áreas urbanas, sobre todo en los centros densamente poblados de El Cairo, su capital, y Alejandría.
<a href="http://localhost:8080/blog/wp-content/uploads/2015/12/piramidesycamello.jpg" rel="attachment wp-att-116"><img class="alignnone size-medium wp-image-116" src="http://localhost:8080/blog/wp-content/uploads/2015/12/piramidesycamello-300x225.jpg" alt="piramidesycamello" width="300" height="225" /></a>]]></content:encoded>
		<excerpt:encoded><![CDATA[]]></excerpt:encoded>
		<wp:post_id>37</wp:post_id>
		<wp:post_date><![CDATA[2015-12-11 11:27:11]]></wp:post_date>
		<wp:post_date_gmt><![CDATA[2015-12-11 11:27:11]]></wp:post_date_gmt>
		<wp:comment_status><![CDATA[open]]></wp:comment_status>
		<wp:ping_status><![CDATA[open]]></wp:ping_status>
		<wp:post_name><![CDATA[otros-destinos-decentes]]></wp:post_name>
		<wp:status><![CDATA[publish]]></wp:status>
		<wp:post_parent>0</wp:post_parent>
		<wp:menu_order>0</wp:menu_order>
		<wp:post_type><![CDATA[post]]></wp:post_type>
		<wp:post_password><![CDATA[]]></wp:post_password>
		<wp:is_sticky>0</wp:is_sticky>
		<category domain="post_tag" nicename="prueba"><![CDATA[Prueba]]></category>
		<category domain="post_tag" nicename="pueblo"><![CDATA[pueblo]]></category>
		<category domain="category" nicename="sin-categoria"><![CDATA[Sin categoría]]></category>
		<category domain="post_tag" nicename="viaje"><![CDATA[Viaje]]></category>
		<wp:postmeta>
			<wp:meta_key><![CDATA[_edit_last]]></wp:meta_key>
			<wp:meta_value><![CDATA[1]]></wp:meta_value>
		</wp:postmeta>
		<wp:postmeta>
			<wp:meta_key><![CDATA[_edit_last]]></wp:meta_key>
			<wp:meta_value><![CDATA[1]]></wp:meta_value>
		</wp:postmeta>
		<wp:postmeta>
			<wp:meta_key><![CDATA[_edit_last]]></wp:meta_key>
			<wp:meta_value><![CDATA[1]]></wp:meta_value>
		</wp:postmeta>
		<wp:postmeta>
			<wp:meta_key><![CDATA[_thumbnail_id]]></wp:meta_key>
			<wp:meta_value><![CDATA[117]]></wp:meta_value>
		</wp:postmeta>
	</item>
	<item>
		<title>Paises-Japon</title>
		<link>http://localhost:8080/blog/2016/01/11/paises-japon/</link>
		<pubDate>Mon, 11 Jan 2016 09:51:52 +0000</pubDate>
		<dc:creator><![CDATA[plerti]]></dc:creator>
		<guid isPermaLink="false">http://localhost:8081/blog/?p=49</guid>
		<description></description>
		<content:encoded><![CDATA[Japón (en japonés: 日本, Nihon o Nippon), oficialmente Estado de Japón (日本国, Acerca de este sonido Nihon-koku (?·i) o Nippon-koku), es un país soberano insular del este de Asia. Situado en el océano Pacífico; tiene al oeste el mar del Japón, China, Corea del Norte, Corea del Sur y Rusia, al norte el mar de Ojotsk y al sur el mar de China Oriental y Taiwán. Los caracteres que componen el nombre de Japón significan «el origen del sol», motivo por el que el país también es conocido como la Tierra del Sol Naciente.

<a href="http://localhost:8081/blog/wp-content/uploads/2016/01/japon1.jpg" rel="attachment wp-att-50"><img class="alignnone size-medium wp-image-50 img-responsive" src="http://localhost:8081/blog/wp-content/uploads/2016/01/japon1-300x201.jpg" alt="japon1" width="300" height="201" /></a>

<!--nextpage-->

Japón es un archipiélago de 6852 islas. El Área del Gran Tokio en la isla de Honshū, donde está la ciudad de Tokio, capital de facto de la nación, es la mayor área metropolitana del mundo, con más de treinta millones de residentes.

Los restos arqueológicos indican que el ser humano ha vivido en Japón desde el Paleolítico superior. La primera mención escrita de las islas se encuentra en textos de la antigua China del siglo I d. C. La historia de Japón ha alternado periodos de influencia extranjera con otros muy prolongados de aislamiento total. Desde el siglo XII hasta 1868 Japón estuvo gobernado por sucesivos shogunatos militares que ejercían el poder en nombre del emperador. En el siglo XVII el país entró en un largo periodo de aislamiento que no terminó hasta mediados del siglo XIX. Después de casi dos décadas de conflictos internos e insurrecciones se restauró al emperador Meiji como jefe del Estado en 1868 y se proclamó el Imperio del Japón.

<a href="http://localhost:8081/blog/wp-content/uploads/2016/01/japon2.jpg" rel="attachment wp-att-51"><img class="alignnone size-full wp-image-51 img-responsive" src="http://localhost:8081/blog/wp-content/uploads/2016/01/japon2.jpg" alt="japon2" width="250" height="166" /></a>

<!--nextpage-->

A finales del siglo XIX y principios del XX, los éxitos en la Primera guerra sino-japonesa, en la guerra ruso-japonesa y en la Primera Guerra Mundial permitieron a Japón expandir su imperio y fortalecer sus fuerzas armadas. La Segunda guerra sino-japonesa que se inició en 1937, acabó formando parte de la Segunda Guerra Mundial desde 1941, conflictos que terminaron tras los bombardeos atómicos sobre Hiroshima y Nagasaki en 1945. Desde la adopción de la constitución revisada en 1947, Japón ha mantenido una monarquía constitucional unitaria con un emperador y un órgano de gobierno democrático llamado Dieta.

<a href="http://localhost:8081/blog/wp-content/uploads/2016/01/japon3.jpg" rel="attachment wp-att-52"><img class="alignnone size-medium wp-image-52 img-responsive" src="http://localhost:8081/blog/wp-content/uploads/2016/01/japon3-300x199.jpg" alt="japon3" width="300" height="199" /></a>

Japón es desde hace varias décadas, una de las grandes potencias económicas mundiales5 y en la actualidad es la tercera mayor economía de acuerdo a su PIB. Asimismo, es el cuarto mayor exportador e importador de mercancías. Aunque Japón renunció oficialmente a su derecho a declarar la guerra tras la Segunda Guerra Mundial, posee unas modernas fuerzas armadas y el quinto mayor presupuesto militar mundial6 para su autodefensa y el mantenimiento de la paz.

Es miembro de la Organización de las Naciones Unidas, el G8, el G4 y la APEC. Japón es el segundo país con la menor tasa de homicidios, solo por detrás de Singapur,7 las mujeres japonesas tienen la segunda mayor esperanza de vida8 y, según la ONU, el país presenta la tercera menor mortalidad infantil del mundo.9 10]]></content:encoded>
		<excerpt:encoded><![CDATA[]]></excerpt:encoded>
		<wp:post_id>51</wp:post_id>
		<wp:post_date><![CDATA[2016-01-11 10:51:52]]></wp:post_date>
		<wp:post_date_gmt><![CDATA[2016-01-11 09:51:52]]></wp:post_date_gmt>
		<wp:comment_status><![CDATA[open]]></wp:comment_status>
		<wp:ping_status><![CDATA[open]]></wp:ping_status>
		<wp:post_name><![CDATA[paises-japon]]></wp:post_name>
		<wp:status><![CDATA[publish]]></wp:status>
		<wp:post_parent>0</wp:post_parent>
		<wp:menu_order>0</wp:menu_order>
		<wp:post_type><![CDATA[post]]></wp:post_type>
		<wp:post_password><![CDATA[]]></wp:post_password>
		<wp:is_sticky>0</wp:is_sticky>
		<category domain="category" nicename="review"><![CDATA[Review]]></category>
		<wp:postmeta>
			<wp:meta_key><![CDATA[_edit_last]]></wp:meta_key>
			<wp:meta_value><![CDATA[1]]></wp:meta_value>
		</wp:postmeta>
		<wp:postmeta>
			<wp:meta_key><![CDATA[_thumbnail_id]]></wp:meta_key>
			<wp:meta_value><![CDATA[60]]></wp:meta_value>
		</wp:postmeta>
		<wp:postmeta>
			<wp:meta_key><![CDATA[_edit_last]]></wp:meta_key>
			<wp:meta_value><![CDATA[1]]></wp:meta_value>
		</wp:postmeta>
		<wp:postmeta>
			<wp:meta_key><![CDATA[_thumbnail_id]]></wp:meta_key>
			<wp:meta_value><![CDATA[50]]></wp:meta_value>
		</wp:postmeta>
		<wp:postmeta>
			<wp:meta_key><![CDATA[_posts_by_tag_page_fields]]></wp:meta_key>
			<wp:meta_value><![CDATA[a:2:{s:12:"widget_title";s:0:"";s:11:"widget_tags";s:0:"";}]]></wp:meta_value>
		</wp:postmeta>
	</item>
	<item>
		<title>LINK HACIA GOOGLE AQUI</title>
		<link>http://localhost:8080/blog/2016/02/04/link-hacia-google-aqui/</link>
		<pubDate>Thu, 04 Feb 2016 12:05:35 +0000</pubDate>
		<dc:creator><![CDATA[plerti]]></dc:creator>
		<guid isPermaLink="false">http://localhost:8081/blog/?p=66</guid>
		<description></description>
		<content:encoded><![CDATA[https://www.google.es/webhp?hl=es]]></content:encoded>
		<excerpt:encoded><![CDATA[]]></excerpt:encoded>
		<wp:post_id>66</wp:post_id>
		<wp:post_date><![CDATA[2016-02-04 13:05:35]]></wp:post_date>
		<wp:post_date_gmt><![CDATA[2016-02-04 12:05:35]]></wp:post_date_gmt>
		<wp:comment_status><![CDATA[open]]></wp:comment_status>
		<wp:ping_status><![CDATA[open]]></wp:ping_status>
		<wp:post_name><![CDATA[link-hacia-google-aqui]]></wp:post_name>
		<wp:status><![CDATA[trash]]></wp:status>
		<wp:post_parent>0</wp:post_parent>
		<wp:menu_order>0</wp:menu_order>
		<wp:post_type><![CDATA[post]]></wp:post_type>
		<wp:post_password><![CDATA[]]></wp:post_password>
		<wp:is_sticky>0</wp:is_sticky>
		<category domain="post_format" nicename="post-format-link"><![CDATA[Enlace]]></category>
		<category domain="category" nicename="sin-categoria"><![CDATA[Sin categoría]]></category>
		<wp:postmeta>
			<wp:meta_key><![CDATA[_edit_last]]></wp:meta_key>
			<wp:meta_value><![CDATA[1]]></wp:meta_value>
		</wp:postmeta>
		<wp:postmeta>
			<wp:meta_key><![CDATA[_posts_by_tag_page_fields]]></wp:meta_key>
			<wp:meta_value><![CDATA[a:2:{s:12:"widget_title";s:0:"";s:11:"widget_tags";s:0:"";}]]></wp:meta_value>
		</wp:postmeta>
		<wp:postmeta>
			<wp:meta_key><![CDATA[_oembed_a0fb4fe08854af875d9aaa45d85cca32]]></wp:meta_key>
			<wp:meta_value><![CDATA[{{unknown}}]]></wp:meta_value>
		</wp:postmeta>
		<wp:postmeta>
			<wp:meta_key><![CDATA[_thumbnail_id]]></wp:meta_key>
			<wp:meta_value><![CDATA[24]]></wp:meta_value>
		</wp:postmeta>
		<wp:postmeta>
			<wp:meta_key><![CDATA[_wp_trash_meta_status]]></wp:meta_key>
			<wp:meta_value><![CDATA[publish]]></wp:meta_value>
		</wp:postmeta>
		<wp:postmeta>
			<wp:meta_key><![CDATA[_wp_trash_meta_time]]></wp:meta_key>
			<wp:meta_value><![CDATA[1457030611]]></wp:meta_value>
		</wp:postmeta>
	</item>
	<item>
		<title>huehue</title>
		<link>http://localhost:8080/blog/2016/02/04/huehue/</link>
		<pubDate>Thu, 04 Feb 2016 12:20:43 +0000</pubDate>
		<dc:creator><![CDATA[plerti]]></dc:creator>
		<guid isPermaLink="false">http://localhost:8081/blog/?p=68</guid>
		<description></description>
		<content:encoded><![CDATA[ryterty]]></content:encoded>
		<excerpt:encoded><![CDATA[]]></excerpt:encoded>
		<wp:post_id>68</wp:post_id>
		<wp:post_date><![CDATA[2016-02-04 13:20:43]]></wp:post_date>
		<wp:post_date_gmt><![CDATA[2016-02-04 12:20:43]]></wp:post_date_gmt>
		<wp:comment_status><![CDATA[open]]></wp:comment_status>
		<wp:ping_status><![CDATA[open]]></wp:ping_status>
		<wp:post_name><![CDATA[huehue]]></wp:post_name>
		<wp:status><![CDATA[trash]]></wp:status>
		<wp:post_parent>0</wp:post_parent>
		<wp:menu_order>0</wp:menu_order>
		<wp:post_type><![CDATA[post]]></wp:post_type>
		<wp:post_password><![CDATA[]]></wp:post_password>
		<wp:is_sticky>0</wp:is_sticky>
		<category domain="category" nicename="sin-categoria"><![CDATA[Sin categoría]]></category>
		<wp:postmeta>
			<wp:meta_key><![CDATA[_edit_last]]></wp:meta_key>
			<wp:meta_value><![CDATA[1]]></wp:meta_value>
		</wp:postmeta>
		<wp:postmeta>
			<wp:meta_key><![CDATA[_thumbnail_id]]></wp:meta_key>
			<wp:meta_value><![CDATA[40]]></wp:meta_value>
		</wp:postmeta>
		<wp:postmeta>
			<wp:meta_key><![CDATA[_posts_by_tag_page_fields]]></wp:meta_key>
			<wp:meta_value><![CDATA[a:2:{s:12:"widget_title";s:0:"";s:11:"widget_tags";s:0:"";}]]></wp:meta_value>
		</wp:postmeta>
		<wp:postmeta>
			<wp:meta_key><![CDATA[_wp_trash_meta_status]]></wp:meta_key>
			<wp:meta_value><![CDATA[publish]]></wp:meta_value>
		</wp:postmeta>
		<wp:postmeta>
			<wp:meta_key><![CDATA[_wp_trash_meta_time]]></wp:meta_key>
			<wp:meta_value><![CDATA[1456482748]]></wp:meta_value>
		</wp:postmeta>
	</item>
	<item>
		<title></title>
		<link>http://localhost:8080/blog/2016/02/04/70/</link>
		<pubDate>Thu, 04 Feb 2016 12:53:24 +0000</pubDate>
		<dc:creator><![CDATA[plerti]]></dc:creator>
		<guid isPermaLink="false">http://localhost:8081/blog/?p=70</guid>
		<description></description>
		<content:encoded><![CDATA[Maldito seas perry el ornitorrinco]]></content:encoded>
		<excerpt:encoded><![CDATA[]]></excerpt:encoded>
		<wp:post_id>70</wp:post_id>
		<wp:post_date><![CDATA[2016-02-04 13:53:24]]></wp:post_date>
		<wp:post_date_gmt><![CDATA[2016-02-04 12:53:24]]></wp:post_date_gmt>
		<wp:comment_status><![CDATA[open]]></wp:comment_status>
		<wp:ping_status><![CDATA[open]]></wp:ping_status>
		<wp:post_name><![CDATA[70]]></wp:post_name>
		<wp:status><![CDATA[trash]]></wp:status>
		<wp:post_parent>0</wp:post_parent>
		<wp:menu_order>0</wp:menu_order>
		<wp:post_type><![CDATA[post]]></wp:post_type>
		<wp:post_password><![CDATA[]]></wp:post_password>
		<wp:is_sticky>0</wp:is_sticky>
		<category domain="post_format" nicename="post-format-aside"><![CDATA[Minientrada]]></category>
		<category domain="category" nicename="sin-categoria"><![CDATA[Sin categoría]]></category>
		<wp:postmeta>
			<wp:meta_key><![CDATA[_edit_last]]></wp:meta_key>
			<wp:meta_value><![CDATA[1]]></wp:meta_value>
		</wp:postmeta>
		<wp:postmeta>
			<wp:meta_key><![CDATA[_posts_by_tag_page_fields]]></wp:meta_key>
			<wp:meta_value><![CDATA[a:2:{s:12:"widget_title";s:0:"";s:11:"widget_tags";s:0:"";}]]></wp:meta_value>
		</wp:postmeta>
		<wp:postmeta>
			<wp:meta_key><![CDATA[_wp_trash_meta_status]]></wp:meta_key>
			<wp:meta_value><![CDATA[publish]]></wp:meta_value>
		</wp:postmeta>
		<wp:postmeta>
			<wp:meta_key><![CDATA[_wp_trash_meta_time]]></wp:meta_key>
			<wp:meta_value><![CDATA[1457030609]]></wp:meta_value>
		</wp:postmeta>
	</item>
	<item>
		<title>ertwertwertwe</title>
		<link>http://localhost:8080/blog/2016/02/04/ertwertwertwe/</link>
		<pubDate>Thu, 04 Feb 2016 12:54:31 +0000</pubDate>
		<dc:creator><![CDATA[plerti]]></dc:creator>
		<guid isPermaLink="false">http://localhost:8081/blog/?p=72</guid>
		<description></description>
		<content:encoded><![CDATA[wertwertwer]]></content:encoded>
		<excerpt:encoded><![CDATA[]]></excerpt:encoded>
		<wp:post_id>72</wp:post_id>
		<wp:post_date><![CDATA[2016-02-04 13:54:31]]></wp:post_date>
		<wp:post_date_gmt><![CDATA[2016-02-04 12:54:31]]></wp:post_date_gmt>
		<wp:comment_status><![CDATA[open]]></wp:comment_status>
		<wp:ping_status><![CDATA[open]]></wp:ping_status>
		<wp:post_name><![CDATA[ertwertwertwe]]></wp:post_name>
		<wp:status><![CDATA[trash]]></wp:status>
		<wp:post_parent>0</wp:post_parent>
		<wp:menu_order>0</wp:menu_order>
		<wp:post_type><![CDATA[post]]></wp:post_type>
		<wp:post_password><![CDATA[]]></wp:post_password>
		<wp:is_sticky>0</wp:is_sticky>
		<category domain="post_tag" nicename="prueba"><![CDATA[Prueba]]></category>
		<category domain="category" nicename="sin-categoria"><![CDATA[Sin categoría]]></category>
		<category domain="post_tag" nicename="viaje"><![CDATA[Viaje]]></category>
		<wp:postmeta>
			<wp:meta_key><![CDATA[_edit_last]]></wp:meta_key>
			<wp:meta_value><![CDATA[1]]></wp:meta_value>
		</wp:postmeta>
		<wp:postmeta>
			<wp:meta_key><![CDATA[_posts_by_tag_page_fields]]></wp:meta_key>
			<wp:meta_value><![CDATA[a:2:{s:12:"widget_title";s:0:"";s:11:"widget_tags";s:0:"";}]]></wp:meta_value>
		</wp:postmeta>
		<wp:postmeta>
			<wp:meta_key><![CDATA[_thumbnail_id]]></wp:meta_key>
			<wp:meta_value><![CDATA[39]]></wp:meta_value>
		</wp:postmeta>
		<wp:postmeta>
			<wp:meta_key><![CDATA[_wp_trash_meta_status]]></wp:meta_key>
			<wp:meta_value><![CDATA[publish]]></wp:meta_value>
		</wp:postmeta>
		<wp:postmeta>
			<wp:meta_key><![CDATA[_wp_trash_meta_time]]></wp:meta_key>
			<wp:meta_value><![CDATA[1457030607]]></wp:meta_value>
		</wp:postmeta>
	</item>
	<item>
		<title>MyGallery</title>
		<link>http://localhost:8080/blog/2016/02/04/mygallery/</link>
		<pubDate>Thu, 04 Feb 2016 13:15:32 +0000</pubDate>
		<dc:creator><![CDATA[plerti]]></dc:creator>
		<guid isPermaLink="false">http://localhost:8081/blog/?p=76</guid>
		<description></description>
		<content:encoded><![CDATA[[gallery ids="51,52,50,40,39,38,35,34,33,24" orderby="rand"]]]></content:encoded>
		<excerpt:encoded><![CDATA[]]></excerpt:encoded>
		<wp:post_id>76</wp:post_id>
		<wp:post_date><![CDATA[2016-02-04 14:15:32]]></wp:post_date>
		<wp:post_date_gmt><![CDATA[2016-02-04 13:15:32]]></wp:post_date_gmt>
		<wp:comment_status><![CDATA[open]]></wp:comment_status>
		<wp:ping_status><![CDATA[open]]></wp:ping_status>
		<wp:post_name><![CDATA[mygallery]]></wp:post_name>
		<wp:status><![CDATA[trash]]></wp:status>
		<wp:post_parent>0</wp:post_parent>
		<wp:menu_order>0</wp:menu_order>
		<wp:post_type><![CDATA[post]]></wp:post_type>
		<wp:post_password><![CDATA[]]></wp:post_password>
		<wp:is_sticky>0</wp:is_sticky>
		<category domain="post_format" nicename="post-format-gallery"><![CDATA[Galería]]></category>
		<category domain="category" nicename="sin-categoria"><![CDATA[Sin categoría]]></category>
		<wp:postmeta>
			<wp:meta_key><![CDATA[_edit_last]]></wp:meta_key>
			<wp:meta_value><![CDATA[1]]></wp:meta_value>
		</wp:postmeta>
		<wp:postmeta>
			<wp:meta_key><![CDATA[_posts_by_tag_page_fields]]></wp:meta_key>
			<wp:meta_value><![CDATA[a:2:{s:12:"widget_title";s:0:"";s:11:"widget_tags";s:0:"";}]]></wp:meta_value>
		</wp:postmeta>
		<wp:postmeta>
			<wp:meta_key><![CDATA[_wp_trash_meta_status]]></wp:meta_key>
			<wp:meta_value><![CDATA[publish]]></wp:meta_value>
		</wp:postmeta>
		<wp:postmeta>
			<wp:meta_key><![CDATA[_wp_trash_meta_time]]></wp:meta_key>
			<wp:meta_value><![CDATA[1457030605]]></wp:meta_value>
		</wp:postmeta>
	</item>
	<item>
		<title>gdfgsdf</title>
		<link>http://localhost:8080/blog/2016/02/04/gdfgsdf/</link>
		<pubDate>Thu, 04 Feb 2016 13:16:24 +0000</pubDate>
		<dc:creator><![CDATA[plerti]]></dc:creator>
		<guid isPermaLink="false">http://localhost:8081/blog/?p=79</guid>
		<description></description>
		<content:encoded><![CDATA[gsdfgsdfg]]></content:encoded>
		<excerpt:encoded><![CDATA[]]></excerpt:encoded>
		<wp:post_id>79</wp:post_id>
		<wp:post_date><![CDATA[2016-02-04 14:16:24]]></wp:post_date>
		<wp:post_date_gmt><![CDATA[2016-02-04 13:16:24]]></wp:post_date_gmt>
		<wp:comment_status><![CDATA[open]]></wp:comment_status>
		<wp:ping_status><![CDATA[open]]></wp:ping_status>
		<wp:post_name><![CDATA[gdfgsdf]]></wp:post_name>
		<wp:status><![CDATA[trash]]></wp:status>
		<wp:post_parent>0</wp:post_parent>
		<wp:menu_order>0</wp:menu_order>
		<wp:post_type><![CDATA[post]]></wp:post_type>
		<wp:post_password><![CDATA[]]></wp:post_password>
		<wp:is_sticky>0</wp:is_sticky>
		<category domain="category" nicename="sin-categoria"><![CDATA[Sin categoría]]></category>
		<wp:postmeta>
			<wp:meta_key><![CDATA[_edit_last]]></wp:meta_key>
			<wp:meta_value><![CDATA[1]]></wp:meta_value>
		</wp:postmeta>
		<wp:postmeta>
			<wp:meta_key><![CDATA[_posts_by_tag_page_fields]]></wp:meta_key>
			<wp:meta_value><![CDATA[a:2:{s:12:"widget_title";s:0:"";s:11:"widget_tags";s:0:"";}]]></wp:meta_value>
		</wp:postmeta>
		<wp:postmeta>
			<wp:meta_key><![CDATA[_thumbnail_id]]></wp:meta_key>
			<wp:meta_value><![CDATA[34]]></wp:meta_value>
		</wp:postmeta>
		<wp:postmeta>
			<wp:meta_key><![CDATA[_wp_trash_meta_status]]></wp:meta_key>
			<wp:meta_value><![CDATA[publish]]></wp:meta_value>
		</wp:postmeta>
		<wp:postmeta>
			<wp:meta_key><![CDATA[_wp_trash_meta_time]]></wp:meta_key>
			<wp:meta_value><![CDATA[1456482743]]></wp:meta_value>
		</wp:postmeta>
	</item>
	<item>
		<title>Pruebo que salga</title>
		<link>http://localhost:8080/blog/2016/02/26/pruebo-que-no-salga/</link>
		<pubDate>Fri, 26 Feb 2016 10:16:20 +0000</pubDate>
		<dc:creator><![CDATA[plerti]]></dc:creator>
		<guid isPermaLink="false">http://localhost:8080/blog/?p=84</guid>
		<description></description>
		<content:encoded><![CDATA[]]></content:encoded>
		<excerpt:encoded><![CDATA[]]></excerpt:encoded>
		<wp:post_id>84</wp:post_id>
		<wp:post_date><![CDATA[2016-02-26 10:16:20]]></wp:post_date>
		<wp:post_date_gmt><![CDATA[2016-02-26 10:16:20]]></wp:post_date_gmt>
		<wp:comment_status><![CDATA[open]]></wp:comment_status>
		<wp:ping_status><![CDATA[open]]></wp:ping_status>
		<wp:post_name><![CDATA[pruebo-que-no-salga]]></wp:post_name>
		<wp:status><![CDATA[trash]]></wp:status>
		<wp:post_parent>0</wp:post_parent>
		<wp:menu_order>0</wp:menu_order>
		<wp:post_type><![CDATA[post]]></wp:post_type>
		<wp:post_password><![CDATA[]]></wp:post_password>
		<wp:is_sticky>0</wp:is_sticky>
		<category domain="post_tag" nicename="exotico"><![CDATA[Exotico]]></category>
		<category domain="post_tag" nicename="prueba"><![CDATA[Prueba]]></category>
		<category domain="category" nicename="sin-categoria"><![CDATA[Sin categoría]]></category>
		<category domain="post_tag" nicename="viaje"><![CDATA[Viaje]]></category>
		<wp:postmeta>
			<wp:meta_key><![CDATA[_edit_last]]></wp:meta_key>
			<wp:meta_value><![CDATA[1]]></wp:meta_value>
		</wp:postmeta>
		<wp:postmeta>
			<wp:meta_key><![CDATA[_thumbnail_id]]></wp:meta_key>
			<wp:meta_value><![CDATA[42]]></wp:meta_value>
		</wp:postmeta>
		<wp:postmeta>
			<wp:meta_key><![CDATA[_wp_trash_meta_status]]></wp:meta_key>
			<wp:meta_value><![CDATA[publish]]></wp:meta_value>
		</wp:postmeta>
		<wp:postmeta>
			<wp:meta_key><![CDATA[_wp_trash_meta_time]]></wp:meta_key>
			<wp:meta_value><![CDATA[1457030602]]></wp:meta_value>
		</wp:postmeta>
	</item>
	<item>
		<title>Rellenando</title>
		<link>http://localhost:8080/blog/2016/02/26/rellenando/</link>
		<pubDate>Fri, 26 Feb 2016 11:00:09 +0000</pubDate>
		<dc:creator><![CDATA[plerti]]></dc:creator>
		<guid isPermaLink="false">http://localhost:8080/blog/?p=89</guid>
		<description></description>
		<content:encoded><![CDATA[]]></content:encoded>
		<excerpt:encoded><![CDATA[]]></excerpt:encoded>
		<wp:post_id>89</wp:post_id>
		<wp:post_date><![CDATA[2016-02-26 11:00:09]]></wp:post_date>
		<wp:post_date_gmt><![CDATA[2016-02-26 11:00:09]]></wp:post_date_gmt>
		<wp:comment_status><![CDATA[open]]></wp:comment_status>
		<wp:ping_status><![CDATA[open]]></wp:ping_status>
		<wp:post_name><![CDATA[rellenando]]></wp:post_name>
		<wp:status><![CDATA[trash]]></wp:status>
		<wp:post_parent>0</wp:post_parent>
		<wp:menu_order>0</wp:menu_order>
		<wp:post_type><![CDATA[post]]></wp:post_type>
		<wp:post_password><![CDATA[]]></wp:post_password>
		<wp:is_sticky>0</wp:is_sticky>
		<category domain="post_tag" nicename="exotico"><![CDATA[Exotico]]></category>
		<category domain="post_tag" nicename="prueba"><![CDATA[Prueba]]></category>
		<category domain="post_tag" nicename="pueblo"><![CDATA[pueblo]]></category>
		<category domain="category" nicename="sin-categoria"><![CDATA[Sin categoría]]></category>
		<category domain="post_tag" nicename="viaje"><![CDATA[Viaje]]></category>
		<category domain="post_tag" nicename="viajes"><![CDATA[Viajes]]></category>
		<wp:postmeta>
			<wp:meta_key><![CDATA[_edit_last]]></wp:meta_key>
			<wp:meta_value><![CDATA[1]]></wp:meta_value>
		</wp:postmeta>
		<wp:postmeta>
			<wp:meta_key><![CDATA[_thumbnail_id]]></wp:meta_key>
			<wp:meta_value><![CDATA[41]]></wp:meta_value>
		</wp:postmeta>
		<wp:postmeta>
			<wp:meta_key><![CDATA[_wp_trash_meta_status]]></wp:meta_key>
			<wp:meta_value><![CDATA[publish]]></wp:meta_value>
		</wp:postmeta>
		<wp:postmeta>
			<wp:meta_key><![CDATA[_wp_trash_meta_time]]></wp:meta_key>
			<wp:meta_value><![CDATA[1457030600]]></wp:meta_value>
		</wp:postmeta>
	</item>
	<item>
		<title>Nueva galeria</title>
		<link>http://localhost:8080/blog/2016/02/26/nueva-galeria/</link>
		<pubDate>Fri, 26 Feb 2016 15:21:55 +0000</pubDate>
		<dc:creator><![CDATA[plerti]]></dc:creator>
		<guid isPermaLink="false">http://localhost:8080/blog/?p=92</guid>
		<description></description>
		<content:encoded><![CDATA[[gallery ids="60,39,41,45,44,42"]]]></content:encoded>
		<excerpt:encoded><![CDATA[]]></excerpt:encoded>
		<wp:post_id>92</wp:post_id>
		<wp:post_date><![CDATA[2016-02-26 15:21:55]]></wp:post_date>
		<wp:post_date_gmt><![CDATA[2016-02-26 15:21:55]]></wp:post_date_gmt>
		<wp:comment_status><![CDATA[open]]></wp:comment_status>
		<wp:ping_status><![CDATA[open]]></wp:ping_status>
		<wp:post_name><![CDATA[nueva-galeria]]></wp:post_name>
		<wp:status><![CDATA[trash]]></wp:status>
		<wp:post_parent>0</wp:post_parent>
		<wp:menu_order>0</wp:menu_order>
		<wp:post_type><![CDATA[post]]></wp:post_type>
		<wp:post_password><![CDATA[]]></wp:post_password>
		<wp:is_sticky>0</wp:is_sticky>
		<category domain="post_format" nicename="post-format-gallery"><![CDATA[Galería]]></category>
		<category domain="category" nicename="sin-categoria"><![CDATA[Sin categoría]]></category>
		<wp:postmeta>
			<wp:meta_key><![CDATA[_edit_last]]></wp:meta_key>
			<wp:meta_value><![CDATA[1]]></wp:meta_value>
		</wp:postmeta>
		<wp:postmeta>
			<wp:meta_key><![CDATA[_wp_trash_meta_status]]></wp:meta_key>
			<wp:meta_value><![CDATA[publish]]></wp:meta_value>
		</wp:postmeta>
		<wp:postmeta>
			<wp:meta_key><![CDATA[_wp_trash_meta_time]]></wp:meta_key>
			<wp:meta_value><![CDATA[1457030598]]></wp:meta_value>
		</wp:postmeta>
	</item>
	<item>
		<title>Rellenando 2.0</title>
		<link>http://localhost:8080/blog/2016/02/26/rellenando-2-0/</link>
		<pubDate>Fri, 26 Feb 2016 15:22:25 +0000</pubDate>
		<dc:creator><![CDATA[plerti]]></dc:creator>
		<guid isPermaLink="false">http://localhost:8080/blog/?p=94</guid>
		<description></description>
		<content:encoded><![CDATA[]]></content:encoded>
		<excerpt:encoded><![CDATA[]]></excerpt:encoded>
		<wp:post_id>94</wp:post_id>
		<wp:post_date><![CDATA[2016-02-26 15:22:25]]></wp:post_date>
		<wp:post_date_gmt><![CDATA[2016-02-26 15:22:25]]></wp:post_date_gmt>
		<wp:comment_status><![CDATA[open]]></wp:comment_status>
		<wp:ping_status><![CDATA[open]]></wp:ping_status>
		<wp:post_name><![CDATA[rellenando-2-0]]></wp:post_name>
		<wp:status><![CDATA[trash]]></wp:status>
		<wp:post_parent>0</wp:post_parent>
		<wp:menu_order>0</wp:menu_order>
		<wp:post_type><![CDATA[post]]></wp:post_type>
		<wp:post_password><![CDATA[]]></wp:post_password>
		<wp:is_sticky>0</wp:is_sticky>
		<category domain="category" nicename="sin-categoria"><![CDATA[Sin categoría]]></category>
		<wp:postmeta>
			<wp:meta_key><![CDATA[_edit_last]]></wp:meta_key>
			<wp:meta_value><![CDATA[1]]></wp:meta_value>
		</wp:postmeta>
		<wp:postmeta>
			<wp:meta_key><![CDATA[_thumbnail_id]]></wp:meta_key>
			<wp:meta_value><![CDATA[44]]></wp:meta_value>
		</wp:postmeta>
		<wp:postmeta>
			<wp:meta_key><![CDATA[_wp_trash_meta_status]]></wp:meta_key>
			<wp:meta_value><![CDATA[publish]]></wp:meta_value>
		</wp:postmeta>
		<wp:postmeta>
			<wp:meta_key><![CDATA[_wp_trash_meta_time]]></wp:meta_key>
			<wp:meta_value><![CDATA[1456501234]]></wp:meta_value>
		</wp:postmeta>
	</item>
	<item>
		<title>gdfgd</title>
		<link>http://localhost:8080/blog/2016/02/26/gdfgd/</link>
		<pubDate>Fri, 26 Feb 2016 15:43:58 +0000</pubDate>
		<dc:creator><![CDATA[plerti]]></dc:creator>
		<guid isPermaLink="false">http://localhost:8080/blog/?p=96</guid>
		<description></description>
		<content:encoded><![CDATA[]]></content:encoded>
		<excerpt:encoded><![CDATA[]]></excerpt:encoded>
		<wp:post_id>96</wp:post_id>
		<wp:post_date><![CDATA[2016-02-26 15:43:58]]></wp:post_date>
		<wp:post_date_gmt><![CDATA[2016-02-26 15:43:58]]></wp:post_date_gmt>
		<wp:comment_status><![CDATA[open]]></wp:comment_status>
		<wp:ping_status><![CDATA[open]]></wp:ping_status>
		<wp:post_name><![CDATA[gdfgd]]></wp:post_name>
		<wp:status><![CDATA[trash]]></wp:status>
		<wp:post_parent>0</wp:post_parent>
		<wp:menu_order>0</wp:menu_order>
		<wp:post_type><![CDATA[post]]></wp:post_type>
		<wp:post_password><![CDATA[]]></wp:post_password>
		<wp:is_sticky>0</wp:is_sticky>
		<category domain="category" nicename="sin-categoria"><![CDATA[Sin categoría]]></category>
		<wp:postmeta>
			<wp:meta_key><![CDATA[_edit_last]]></wp:meta_key>
			<wp:meta_value><![CDATA[1]]></wp:meta_value>
		</wp:postmeta>
		<wp:postmeta>
			<wp:meta_key><![CDATA[_wp_trash_meta_status]]></wp:meta_key>
			<wp:meta_value><![CDATA[draft]]></wp:meta_value>
		</wp:postmeta>
		<wp:postmeta>
			<wp:meta_key><![CDATA[_wp_trash_meta_time]]></wp:meta_key>
			<wp:meta_value><![CDATA[1456501785]]></wp:meta_value>
		</wp:postmeta>
	</item>
	<item>
		<title>Imagnes por un tubo</title>
		<link>http://localhost:8080/blog/2016/02/26/imagnes-por-un-tubo/</link>
		<pubDate>Fri, 26 Feb 2016 16:59:13 +0000</pubDate>
		<dc:creator><![CDATA[plerti]]></dc:creator>
		<guid isPermaLink="false">http://localhost:8080/blog/?p=98</guid>
		<description></description>
		<content:encoded><![CDATA[<a href="http://localhost:8080/blog/wp-content/uploads/2015/12/egipto-1.jpg" rel="attachment wp-att-45"><img src="http://localhost:8080/blog/wp-content/uploads/2015/12/egipto-1-300x188.jpg" alt="egipto" width="300" height="188" class="alignnone size-medium wp-image-45" /></a>
<a href="http://localhost:8080/blog/wp-content/uploads/2016/02/minamimoto_wallpaper-sho-minamimoto-twewy-34240902-1280-800.jpg" rel="attachment wp-att-99"><img src="http://localhost:8080/blog/wp-content/uploads/2016/02/minamimoto_wallpaper-sho-minamimoto-twewy-34240902-1280-800-300x188.jpg" alt="minamimoto_wallpaper-sho-minamimoto-twewy-34240902-1280-800" width="300" height="188" class="alignnone size-medium wp-image-99" /></a>]]></content:encoded>
		<excerpt:encoded><![CDATA[]]></excerpt:encoded>
		<wp:post_id>98</wp:post_id>
		<wp:post_date><![CDATA[2016-02-26 16:59:13]]></wp:post_date>
		<wp:post_date_gmt><![CDATA[2016-02-26 16:59:13]]></wp:post_date_gmt>
		<wp:comment_status><![CDATA[open]]></wp:comment_status>
		<wp:ping_status><![CDATA[open]]></wp:ping_status>
		<wp:post_name><![CDATA[imagnes-por-un-tubo]]></wp:post_name>
		<wp:status><![CDATA[trash]]></wp:status>
		<wp:post_parent>0</wp:post_parent>
		<wp:menu_order>0</wp:menu_order>
		<wp:post_type><![CDATA[post]]></wp:post_type>
		<wp:post_password><![CDATA[]]></wp:post_password>
		<wp:is_sticky>0</wp:is_sticky>
		<category domain="category" nicename="sin-categoria"><![CDATA[Sin categoría]]></category>
		<wp:postmeta>
			<wp:meta_key><![CDATA[_edit_last]]></wp:meta_key>
			<wp:meta_value><![CDATA[1]]></wp:meta_value>
		</wp:postmeta>
		<wp:postmeta>
			<wp:meta_key><![CDATA[_thumbnail_id]]></wp:meta_key>
			<wp:meta_value><![CDATA[100]]></wp:meta_value>
		</wp:postmeta>
		<wp:postmeta>
			<wp:meta_key><![CDATA[_wp_trash_meta_status]]></wp:meta_key>
			<wp:meta_value><![CDATA[publish]]></wp:meta_value>
		</wp:postmeta>
		<wp:postmeta>
			<wp:meta_key><![CDATA[_wp_trash_meta_time]]></wp:meta_key>
			<wp:meta_value><![CDATA[1457030595]]></wp:meta_value>
		</wp:postmeta>
	</item>
	<item>
		<title>Entrada hecha por un autor</title>
		<link>http://localhost:8080/blog/2016/02/26/entrada-hecha-por-un-autor/</link>
		<pubDate>Fri, 26 Feb 2016 18:45:47 +0000</pubDate>
		<dc:creator><![CDATA[autor]]></dc:creator>
		<guid isPermaLink="false">http://localhost:8080/blog/?p=104</guid>
		<description></description>
		<content:encoded><![CDATA[]]></content:encoded>
		<excerpt:encoded><![CDATA[]]></excerpt:encoded>
		<wp:post_id>104</wp:post_id>
		<wp:post_date><![CDATA[2016-02-26 18:45:47]]></wp:post_date>
		<wp:post_date_gmt><![CDATA[2016-02-26 18:45:47]]></wp:post_date_gmt>
		<wp:comment_status><![CDATA[open]]></wp:comment_status>
		<wp:ping_status><![CDATA[open]]></wp:ping_status>
		<wp:post_name><![CDATA[entrada-hecha-por-un-autor]]></wp:post_name>
		<wp:status><![CDATA[trash]]></wp:status>
		<wp:post_parent>0</wp:post_parent>
		<wp:menu_order>0</wp:menu_order>
		<wp:post_type><![CDATA[post]]></wp:post_type>
		<wp:post_password><![CDATA[]]></wp:post_password>
		<wp:is_sticky>0</wp:is_sticky>
		<category domain="category" nicename="sin-categoria"><![CDATA[Sin categoría]]></category>
		<wp:postmeta>
			<wp:meta_key><![CDATA[_edit_last]]></wp:meta_key>
			<wp:meta_value><![CDATA[3]]></wp:meta_value>
		</wp:postmeta>
		<wp:postmeta>
			<wp:meta_key><![CDATA[_thumbnail_id]]></wp:meta_key>
			<wp:meta_value><![CDATA[100]]></wp:meta_value>
		</wp:postmeta>
		<wp:postmeta>
			<wp:meta_key><![CDATA[_wp_trash_meta_status]]></wp:meta_key>
			<wp:meta_value><![CDATA[publish]]></wp:meta_value>
		</wp:postmeta>
		<wp:postmeta>
			<wp:meta_key><![CDATA[_wp_trash_meta_time]]></wp:meta_key>
			<wp:meta_value><![CDATA[1457030594]]></wp:meta_value>
		</wp:postmeta>
	</item>
	<item>
		<title>Ultima entrada</title>
		<link>http://localhost:8080/blog/2016/02/27/ultima-entrada/</link>
		<pubDate>Sat, 27 Feb 2016 11:37:48 +0000</pubDate>
		<dc:creator><![CDATA[plerti]]></dc:creator>
		<guid isPermaLink="false">http://localhost:8080/blog/?p=106</guid>
		<description></description>
		<content:encoded><![CDATA[]]></content:encoded>
		<excerpt:encoded><![CDATA[]]></excerpt:encoded>
		<wp:post_id>106</wp:post_id>
		<wp:post_date><![CDATA[2016-02-27 11:37:48]]></wp:post_date>
		<wp:post_date_gmt><![CDATA[2016-02-27 11:37:48]]></wp:post_date_gmt>
		<wp:comment_status><![CDATA[open]]></wp:comment_status>
		<wp:ping_status><![CDATA[open]]></wp:ping_status>
		<wp:post_name><![CDATA[ultima-entrada]]></wp:post_name>
		<wp:status><![CDATA[trash]]></wp:status>
		<wp:post_parent>0</wp:post_parent>
		<wp:menu_order>0</wp:menu_order>
		<wp:post_type><![CDATA[post]]></wp:post_type>
		<wp:post_password><![CDATA[]]></wp:post_password>
		<wp:is_sticky>0</wp:is_sticky>
		<category domain="category" nicename="sin-categoria"><![CDATA[Sin categoría]]></category>
		<wp:postmeta>
			<wp:meta_key><![CDATA[_edit_last]]></wp:meta_key>
			<wp:meta_value><![CDATA[1]]></wp:meta_value>
		</wp:postmeta>
		<wp:postmeta>
			<wp:meta_key><![CDATA[_thumbnail_id]]></wp:meta_key>
			<wp:meta_value><![CDATA[99]]></wp:meta_value>
		</wp:postmeta>
		<wp:postmeta>
			<wp:meta_key><![CDATA[_wp_trash_meta_status]]></wp:meta_key>
			<wp:meta_value><![CDATA[publish]]></wp:meta_value>
		</wp:postmeta>
		<wp:postmeta>
			<wp:meta_key><![CDATA[_wp_trash_meta_time]]></wp:meta_key>
			<wp:meta_value><![CDATA[1457030591]]></wp:meta_value>
		</wp:postmeta>
	</item>
	<item>
		<title>Prueba de post sin thumbnail</title>
		<link>http://localhost:8080/blog/2016/02/27/prueba-de-post-sin-thumbnail/</link>
		<pubDate>Sat, 27 Feb 2016 15:54:59 +0000</pubDate>
		<dc:creator><![CDATA[plerti]]></dc:creator>
		<guid isPermaLink="false">http://localhost:8080/blog/?p=108</guid>
		<description></description>
		<content:encoded><![CDATA[]]></content:encoded>
		<excerpt:encoded><![CDATA[]]></excerpt:encoded>
		<wp:post_id>108</wp:post_id>
		<wp:post_date><![CDATA[2016-02-27 15:54:59]]></wp:post_date>
		<wp:post_date_gmt><![CDATA[2016-02-27 15:54:59]]></wp:post_date_gmt>
		<wp:comment_status><![CDATA[open]]></wp:comment_status>
		<wp:ping_status><![CDATA[open]]></wp:ping_status>
		<wp:post_name><![CDATA[prueba-de-post-sin-thumbnail]]></wp:post_name>
		<wp:status><![CDATA[trash]]></wp:status>
		<wp:post_parent>0</wp:post_parent>
		<wp:menu_order>0</wp:menu_order>
		<wp:post_type><![CDATA[post]]></wp:post_type>
		<wp:post_password><![CDATA[]]></wp:post_password>
		<wp:is_sticky>0</wp:is_sticky>
		<category domain="category" nicename="sin-categoria"><![CDATA[Sin categoría]]></category>
		<wp:postmeta>
			<wp:meta_key><![CDATA[_edit_last]]></wp:meta_key>
			<wp:meta_value><![CDATA[1]]></wp:meta_value>
		</wp:postmeta>
		<wp:postmeta>
			<wp:meta_key><![CDATA[_wp_trash_meta_status]]></wp:meta_key>
			<wp:meta_value><![CDATA[publish]]></wp:meta_value>
		</wp:postmeta>
		<wp:postmeta>
			<wp:meta_key><![CDATA[_wp_trash_meta_time]]></wp:meta_key>
			<wp:meta_value><![CDATA[1457030583]]></wp:meta_value>
		</wp:postmeta>
	</item>
	<item>
		<title>una mas...</title>
		<link>http://localhost:8080/blog/2016/02/27/una-mas/</link>
		<pubDate>Sat, 27 Feb 2016 16:05:09 +0000</pubDate>
		<dc:creator><![CDATA[plerti]]></dc:creator>
		<guid isPermaLink="false">http://localhost:8080/blog/?p=110</guid>
		<description></description>
		<content:encoded><![CDATA[]]></content:encoded>
		<excerpt:encoded><![CDATA[]]></excerpt:encoded>
		<wp:post_id>110</wp:post_id>
		<wp:post_date><![CDATA[2016-02-27 16:05:09]]></wp:post_date>
		<wp:post_date_gmt><![CDATA[2016-02-27 16:05:09]]></wp:post_date_gmt>
		<wp:comment_status><![CDATA[open]]></wp:comment_status>
		<wp:ping_status><![CDATA[open]]></wp:ping_status>
		<wp:post_name><![CDATA[una-mas]]></wp:post_name>
		<wp:status><![CDATA[trash]]></wp:status>
		<wp:post_parent>0</wp:post_parent>
		<wp:menu_order>0</wp:menu_order>
		<wp:post_type><![CDATA[post]]></wp:post_type>
		<wp:post_password><![CDATA[]]></wp:post_password>
		<wp:is_sticky>0</wp:is_sticky>
		<category domain="category" nicename="sin-categoria"><![CDATA[Sin categoría]]></category>
		<wp:postmeta>
			<wp:meta_key><![CDATA[_edit_last]]></wp:meta_key>
			<wp:meta_value><![CDATA[1]]></wp:meta_value>
		</wp:postmeta>
		<wp:postmeta>
			<wp:meta_key><![CDATA[_wp_trash_meta_status]]></wp:meta_key>
			<wp:meta_value><![CDATA[publish]]></wp:meta_value>
		</wp:postmeta>
		<wp:postmeta>
			<wp:meta_key><![CDATA[_wp_trash_meta_time]]></wp:meta_key>
			<wp:meta_value><![CDATA[1457030589]]></wp:meta_value>
		</wp:postmeta>
	</item>
</channel>
</rss>
